k,Q_D,P_D,E_TES,Qin_TES,Qout_TES,Pgrid,dB1,dB2,dCHP1,dCHP2,din_TES,dout_TES,Qin_B1,Qin_B2,Qout_B1,Qout_B2,Qin_CHP1,Qin_CHP2,Qout_CHP1,Qout_CHP2,Pout_CHP1,Pout_CHP2
0,320.468192,396.6608949,0.0,0.0,0.0,396.6608949,1,1,0,0,0,1,114.6125,254.77374184999994,106.00000000000001,214.468192,0.0,0.0,0.0,0.0,0.0,0.0
1,339.6319139,396.6608949,0.0,0.0,0.0,396.6608949,1,1,0,0,0,1,279.5368637426562,114.6125,233.63191389999997,106.00000000000001,0.0,0.0,0.0,0.0,0.0,0.0
2,355.3113195,396.6608949,0.0,0.0,0.0,396.6608949,1,1,0,0,0,1,114.6125,299.79759566640627,106.00000000000001,249.31131950000002,0.0,0.0,0.0,0.0,0.0,0.0
3,357.0534765,396.6608949,0.0,0.0,0.0,396.6608949,1,1,0,0,0,1,302.0487891648437,114.6125,251.0534765,106.00000000000001,0.0,0.0,0.0,0.0,0.0,0.0
4,357.0534765,396.6608949,0.0,0.0,0.0,396.6608949,1,1,0,0,0,1,114.6125,302.0487891648437,106.00000000000001,251.0534765,0.0,0.0,0.0,0.0,0.0,0.0
5,353.569165,396.6608949,0.0,0.0,0.0,396.6608949,1,1,0,0,0,1,297.54640539843746,114.6125,247.569165,106.00000000000001,0.0,0.0,0.0,0.0,0.0,0.0
6,355.3113195,396.6608949,0.0,0.0,0.0,396.6608949,1,1,0,0,0,1,114.6125,299.79759566640627,106.00000000000001,249.31131950000002,0.0,0.0,0.0,0.0,0.0,0.0
7,383.7054617,587.1223702,0.0,0.0,0.0,587.1223702,1,1,0,0,0,1,336.4881512904687,114.6125,277.7054617,106.00000000000001,0.0,0.0,0.0,0.0,0.0,0.0
8,506.9542607,781.293796,0.0,0.0,0.0,781.293796,1,1,0,0,0,1,114.6125,495.7487087482812,106.00000000000001,400.9542607,0.0,0.0,0.0,0.0,0.0,0.0
9,497.295584,781.293796,0.0,0.0,0.0,781.293796,1,1,0,0,0,1,483.26788744999993,114.6125,391.295584,106.00000000000001,0.0,0.0,0.0,0.0,0.0,0.0
10,487.2668116,791.3176496,0.0,0.0,0.0,791.3176496,1,1,0,0,0,1,114.6125,470.3088331143749,106.00000000000001,381.2668116,0.0,0.0,0.0,0.0,0.0,0.0
11,472.8077301,791.3176496,0.0,0.0,0.0,791.3176496,1,1,0,0,0,1,451.6249887385937,114.6125,366.8077301,106.00000000000001,0.0,0.0,0.0,0.0,0.0,0.0
12,449.1472223,791.3176496,0.0,0.0,0.0,791.3176496,1,1,0,0,0,1,114.6125,421.0511763157812,106.00000000000001,343.1472223,0.0,0.0,0.0,0.0,0.0,0.0
13,455.6758214,791.3176496,0.0,0.0,0.0,791.3176496,1,1,0,0,0,1,429.4873504653125,114.6125,349.6758214,106.00000000000001,0.0,0.0,0.0,0.0,0.0,0.0
14,473.1244571,791.3176496,0.0,0.0,0.0,791.3176496,1,1,0,0,0,1,114.6125,452.03425940890617,106.00000000000001,367.1244571,0.0,0.0,0.0,0.0,0.0,0.0
15,481.4872323,779.3760622,0.0,0.0,0.0,779.3760622,1,1,0,0,0,1,462.8405329876562,114.6125,375.4872323,106.00000000000001,0.0,0.0,0.0,0.0,0.0,0.0
16,486.1668577,779.3760622,0.0,0.0,0.0,779.3760622,1,1,0,0,0,1,114.6125,468.88748643421866,106.00000000000001,380.1668577,0.0,0.0,0.0,0.0,0.0,0.0
17,488.5970503,779.3760622,0.0,0.0,0.0,779.3760622,1,1,0,0,0,1,472.0277509345312,114.6125,382.5970503,106.00000000000001,0.0,0.0,0.0,0.0,0.0,0.0
18,498.1615104,714.0545666,0.0,0.0,0.0,714.0545666,1,1,0,0,0,1,114.6125,484.38682671999993,106.00000000000001,392.1615104,0.0,0.0,0.0,0.0,0.0,0.0
19,371.1083804,585.2046364,0.0,0.0,0.0,585.2046364,1,1,0,0,0,1,320.21036029812495,114.6125,265.1083804,106.00000000000001,0.0,0.0,0.0,0.0,0.0,0.0
20,373.1786634,585.2046364,0.0,0.0,0.0,585.2046364,1,1,0,0,0,1,114.6125,322.88555411218744,106.00000000000001,267.1786634,0.0,0.0,0.0,0.0,0.0,0.0
21,375.2489441,585.2046364,0.0,0.0,0.0,585.2046364,1,1,0,0,0,1,325.5607449542187,114.6125,269.2489441,106.00000000000001,0.0,0.0,0.0,0.0,0.0,0.0
22,348.3426941,396.6608949,0.0,0.0,0.0,396.6608949,1,1,0,0,0,1,114.6125,290.7928250323437,106.00000000000001,242.34269410000002,0.0,0.0,0.0,0.0,0.0,0.0
23,350.084851,396.6608949,0.0,0.0,0.0,396.6608949,1,1,0,0,0,1,293.0440184015625,114.6125,244.08485100000001,106.00000000000001,0.0,0.0,0.0,0.0,0.0,0.0
24,350.084851,396.6608949,0.0,0.0,0.0,396.6608949,1,1,0,0,0,1,114.6125,293.0440184015625,106.00000000000001,244.08485100000001,0.0,0.0,0.0,0.0,0.0,0.0
25,353.569165,396.6608949,0.0,0.0,0.0,396.6608949,1,1,0,0,0,1,297.54640539843746,114.6125,247.569165,106.00000000000001,0.0,0.0,0.0,0.0,0.0,0.0
26,355.3113195,396.6608949,0.0,0.0,0.0,396.6608949,1,1,0,0,0,1,114.6125,299.79759566640627,106.00000000000001,249.31131950000002,0.0,0.0,0.0,0.0,0.0,0.0
27,357.0534765,396.6608949,0.0,0.0,0.0,396.6608949,1,1,0,0,0,1,302.0487891648437,114.6125,251.0534765,106.00000000000001,0.0,0.0,0.0,0.0,0.0,0.0
28,362.279945,396.6608949,0.0,0.0,0.0,396.6608949,1,1,0,0,0,1,114.6125,308.8023664296875,106.00000000000001,256.279945,0.0,0.0,0.0,0.0,0.0,0.0
29,364.022102,396.6608949,0.0,0.0,0.0,396.6608949,1,1,0,0,0,1,311.05355992812497,114.6125,258.022102,106.00000000000001,0.0,0.0,0.0,0.0,0.0,0.0
30,364.022102,396.6608949,0.0,0.0,0.0,396.6608949,1,1,0,0,0,1,114.6125,311.05355992812497,106.00000000000001,258.022102,0.0,0.0,0.0,0.0,0.0,0.0
31,398.210111,587.1223702,0.0,0.0,0.0,587.1223702,1,1,0,0,0,1,355.2308778078124,114.6125,292.210111,106.00000000000001,0.0,0.0,0.0,0.0,0.0,0.0
32,525.2319391,781.293796,0.0,0.0,0.0,781.293796,1,1,0,0,0,1,114.6125,519.3668963057811,106.00000000000001,419.2319391,0.0,0.0,0.0,0.0,0.0,0.0
33,518.7740505,781.293796,0.0,0.0,0.0,781.293796,1,1,0,0,0,1,511.02209338046873,114.6125,412.77405050000004,106.00000000000001,0.0,0.0,0.0,0.0,0.0,0.0
34,513.0255398,791.3176496,0.0,0.0,0.0,791.3176496,1,1,0,0,0,1,114.6125,503.5939397103125,106.00000000000001,407.02553980000005,0.0,0.0,0.0,0.0,0.0,0.0
35,505.2914575,791.3176496,0.0,0.0,0.0,791.3176496,1,1,0,0,0,1,493.60005523828113,114.6125,399.2914575,106.00000000000001,0.0,0.0,0.0,0.0,0.0,0.0
36,489.3713909,791.3176496,0.0,0.0,0.0,791.3176496,1,1,0,0,0,1,114.6125,473.02834417859367,106.00000000000001,383.3713909,0.0,0.0,0.0,0.0,0.0,0.0
37,482.3716511,791.3176496,0.0,0.0,0.0,791.3176496,1,1,0,0,0,1,463.9833679057812,114.6125,376.3716511,106.00000000000001,0.0,0.0,0.0,0.0,0.0,0.0
38,493.9611443,791.3176496,0.0,0.0,0.0,791.3176496,1,1,0,0,0,1,114.6125,478.9591661501562,106.00000000000001,387.9611443,0.0,0.0,0.0,0.0,0.0,0.0
39,505.3895853,779.3760622,0.0,0.0,0.0,779.3760622,1,1,0,0,0,1,493.7268547548437,114.6125,399.3895853,106.00000000000001,0.0,0.0,0.0,0.0,0.0,0.0
40,516.1118787,779.3760622,0.0,0.0,0.0,779.3760622,1,1,0,0,0,1,114.6125,507.5820682576562,106.00000000000001,410.11187870000003,0.0,0.0,0.0,0.0,0.0,0.0
41,528.6186163,779.3760622,0.0,0.0,0.0,779.3760622,1,1,0,0,0,1,523.7431182501562,114.6125,422.6186163,106.00000000000001,0.0,0.0,0.0,0.0,0.0,0.0
42,531.5059581,714.0545666,0.0,0.0,0.0,714.0545666,1,1,0,0,0,1,114.6125,527.4741052323437,106.00000000000001,425.50595810000004,0.0,0.0,0.0,0.0,0.0,0.0
43,402.1626028,585.2046364,0.0,0.0,0.0,585.2046364,1,1,0,0,0,1,360.33823830562494,114.6125,296.1626028,106.00000000000001,0.0,0.0,0.0,0.0,0.0,0.0
44,402.1626028,585.2046364,0.0,0.0,0.0,585.2046364,1,1,0,0,0,1,114.6125,360.33823830562494,106.00000000000001,296.1626028,0.0,0.0,0.0,0.0,0.0,0.0
45,398.0220389,585.2046364,0.0,0.0,0.0,585.2046364,1,1,0,0,0,1,354.98785339109367,114.6125,292.0220389,106.00000000000001,0.0,0.0,0.0,0.0,0.0,0.0
46,370.9907276,396.6608949,0.0,0.0,0.0,396.6608949,1,1,0,0,0,1,114.6125,320.058330820625,106.00000000000001,264.9907276,0.0,0.0,0.0,0.0,0.0,0.0
47,377.9593531,396.6608949,0.0,0.0,0.0,396.6608949,1,1,0,0,0,1,329.0631015839062,114.6125,271.9593531,106.00000000000001,0.0,0.0,0.0,0.0,0.0,0.0
48,381.4436671,396.6608949,0.0,0.0,0.0,396.6608949,1,1,0,0,0,1,114.6125,333.5654885807812,106.00000000000001,275.4436671,0.0,0.0,0.0,0.0,0.0,0.0
49,386.6701356,396.6608949,0.0,0.0,0.0,396.6608949,1,1,0,0,0,1,340.31906584562495,114.6125,280.6701356,106.00000000000001,0.0,0.0,0.0,0.0,0.0,0.0
50,384.9279786,396.6608949,0.0,0.0,0.0,396.6608949,1,1,0,0,0,1,338.06787234718746,114.6125,278.9279786,106.00000000000001,0.0,0.0,0.0,0.0,0.0,0.0
51,384.9279786,396.6608949,0.0,0.0,0.0,396.6608949,1,1,0,0,0,1,338.06787234718746,114.6125,278.9279786,106.00000000000001,0.0,0.0,0.0,0.0,0.0,0.0
52,381.4436671,396.6608949,0.0,0.0,0.0,396.6608949,1,1,0,0,0,1,333.5654885807812,114.6125,275.4436671,106.00000000000001,0.0,0.0,0.0,0.0,0.0,0.0
53,381.4436671,396.6608949,0.0,0.0,0.0,396.6608949,1,1,0,0,0,1,333.5654885807812,114.6125,275.4436671,106.00000000000001,0.0,0.0,0.0,0.0,0.0,0.0
54,383.1858216,396.6608949,0.0,0.0,0.0,396.6608949,1,1,0,0,0,1,335.81667884875,114.6125,277.1858216,106.00000000000001,0.0,0.0,0.0,0.0,0.0,0.0
55,421.0031304,587.1223702,0.0,0.0,0.0,587.1223702,1,1,0,0,0,1,384.6837325637499,114.6125,315.0031304,106.00000000000001,0.0,0.0,0.0,0.0,0.0,0.0
56,549.5079332,781.293796,0.0,0.0,0.0,781.293796,1,1,0,0,0,1,550.736032431875,114.6125,443.5079332,106.00000000000001,0.0,0.0,0.0,0.0,0.0,0.0
57,524.1485906,781.293796,0.0,0.0,0.0,781.293796,1,1,0,0,0,1,517.9670069159374,114.6125,418.14859060000003,106.00000000000001,0.0,0.0,0.0,0.0,0.0,0.0
58,508.9603391,791.3176496,0.0,0.0,0.0,791.3176496,1,1,0,0,0,1,498.34093818078117,114.6125,402.9603391,106.00000000000001,0.0,0.0,0.0,0.0,0.0,0.0
59,495.7810111,791.3176496,0.0,0.0,0.0,791.3176496,1,1,0,0,0,1,481.3107752807812,114.6125,389.7810111,106.00000000000001,0.0,0.0,0.0,0.0,0.0,0.0
60,476.4819936,791.3176496,0.0,0.0,0.0,791.3176496,1,1,0,0,0,1,456.37282610499994,114.6125,370.4819936,106.00000000000001,0.0,0.0,0.0,0.0,0.0,0.0
61,482.171696,791.3176496,0.0,0.0,0.0,791.3176496,1,1,0,0,0,1,463.72498842499994,114.6125,376.171696,106.00000000000001,0.0,0.0,0.0,0.0,0.0,0.0
62,495.1631036,791.3176496,0.0,0.0,0.0,791.3176496,1,1,0,0,0,1,480.51232293312495,114.6125,389.1631036,106.00000000000001,0.0,0.0,0.0,0.0,0.0,0.0
63,515.3563626,779.3760622,0.0,0.0,0.0,779.3760622,1,1,0,0,0,1,114.6125,506.60579979718744,106.00000000000001,409.3563626,0.0,0.0,0.0,0.0,0.0,0.0
64,518.6132248,779.3760622,0.0,0.0,0.0,779.3760622,1,1,0,0,0,1,510.81427642124993,114.6125,412.6132248,106.00000000000001,0.0,0.0,0.0,0.0,0.0,0.0
65,518.6132248,779.3760622,0.0,0.0,0.0,779.3760622,1,1,0,0,0,1,510.81427642124993,114.6125,412.6132248,106.00000000000001,0.0,0.0,0.0,0.0,0.0,0.0
66,526.7424659,714.0545666,0.0,0.0,0.0,714.0545666,1,1,0,0,0,1,521.3187801551561,114.6125,420.74246589999996,106.00000000000001,0.0,0.0,0.0,0.0,0.0,0.0
67,391.8111945,585.2046364,0.0,0.0,0.0,585.2046364,1,1,0,0,0,1,114.6125,346.9622778929687,106.00000000000001,285.8111945,0.0,0.0,0.0,0.0,0.0,0.0
68,389.7409138,585.2046364,0.0,0.0,0.0,585.2046364,1,1,0,0,0,1,114.6125,344.28708705093743,106.00000000000001,283.7409138,0.0,0.0,0.0,0.0,0.0,0.0
69,389.7409138,585.2046364,0.0,0.0,0.0,585.2046364,1,1,0,0,0,1,114.6125,344.28708705093743,106.00000000000001,283.7409138,0.0,0.0,0.0,0.0,0.0,0.0
70,357.0534765,396.6608949,0.0,0.0,0.0,396.6608949,1,1,0,0,0,1,114.6125,302.0487891648437,106.00000000000001,251.0534765,0.0,0.0,0.0,0.0,0.0,0.0
71,357.0534765,396.6608949,0.0,0.0,0.0,396.6608949,1,1,0,0,0,1,114.6125,302.0487891648437,106.00000000000001,251.0534765,0.0,0.0,0.0,0.0,0.0,0.0
72,360.5377905,396.6608949,0.0,0.0,0.0,396.6608949,1,1,0,0,0,1,114.6125,306.55117616171873,106.00000000000001,254.53779050000003,0.0,0.0,0.0,0.0,0.0,0.0
73,357.0534765,396.6608949,0.0,0.0,0.0,396.6608949,1,1,0,0,0,1,302.0487891648437,114.6125,251.0534765,106.00000000000001,0.0,0.0,0.0,0.0,0.0,0.0
74,364.022102,396.6608949,0.0,0.0,0.0,396.6608949,1,1,0,0,0,1,114.6125,311.05355992812497,106.00000000000001,258.022102,0.0,0.0,0.0,0.0,0.0,0.0
75,353.569165,396.6608949,0.0,0.0,0.0,396.6608949,1,1,0,0,0,1,114.6125,297.54640539843746,106.00000000000001,247.569165,0.0,0.0,0.0,0.0,0.0,0.0
76,358.7956335,396.6608949,0.0,0.0,0.0,396.6608949,1,1,0,0,0,1,114.6125,304.29998266328124,106.00000000000001,252.7956335,0.0,0.0,0.0,0.0,0.0,0.0
77,365.764259,396.6608949,0.0,0.0,0.0,396.6608949,1,1,0,0,0,1,313.30475342656246,114.6125,259.764259,106.00000000000001,0.0,0.0,0.0,0.0,0.0,0.0
78,381.4436671,396.6608949,0.0,0.0,0.0,396.6608949,1,1,0,0,0,1,333.5654885807812,114.6125,275.4436671,106.00000000000001,0.0,0.0,0.0,0.0,0.0,0.0
79,410.6426673,587.1223702,0.0,0.0,0.0,587.1223702,1,1,0,0,0,1,371.29607165171876,114.6125,304.6426673,106.00000000000001,0.0,0.0,0.0,0.0,0.0,0.0
80,541.2815198,781.293796,0.0,0.0,0.0,781.293796,1,1,0,0,0,1,540.1059638665623,114.6125,435.28151979999996,106.00000000000001,0.0,0.0,0.0,0.0,0.0,0.0
81,510.2371802,781.293796,0.0,0.0,0.0,781.293796,1,1,0,0,0,1,499.99085628968743,114.6125,404.2371802,106.00000000000001,0.0,0.0,0.0,0.0,0.0,0.0
82,470.167779,791.3176496,0.0,0.0,0.0,791.3176496,1,1,0,0,0,1,448.2136769265624,114.6125,364.167779,106.00000000000001,0.0,0.0,0.0,0.0,0.0,0.0
83,453.1732935,791.3176496,0.0,0.0,0.0,791.3176496,1,1,0,0,0,1,426.25361519453116,114.6125,347.1732935,106.00000000000001,0.0,0.0,0.0,0.0,0.0,0.0
84,456.6195372,791.3176496,0.0,0.0,0.0,791.3176496,1,1,0,0,0,1,430.70680822562497,114.6125,350.6195372,106.00000000000001,0.0,0.0,0.0,0.0,0.0,0.0
85,462.0876488,791.3176496,0.0,0.0,0.0,791.3176496,1,1,0,0,0,1,437.77263368375,114.6125,356.0876488,106.00000000000001,0.0,0.0,0.0,0.0,0.0,0.0
86,460.9349327,791.3176496,0.0,0.0,0.0,791.3176496,1,1,0,0,0,1,436.2831083482812,114.6125,354.9349327,106.00000000000001,0.0,0.0,0.0,0.0,0.0,0.0
87,488.5970503,779.3760622,0.0,0.0,0.0,779.3760622,1,1,0,0,0,1,472.0277509345312,114.6125,382.5970503,106.00000000000001,0.0,0.0,0.0,0.0,0.0,0.0
88,503.6051387,779.3760622,0.0,0.0,0.0,779.3760622,1,1,0,0,0,1,114.6125,491.4210151639062,106.00000000000001,397.6051387,0.0,0.0,0.0,0.0,0.0,0.0
89,516.1118787,779.3760622,0.0,0.0,0.0,779.3760622,1,1,0,0,0,1,114.6125,507.5820682576562,106.00000000000001,410.11187870000003,0.0,0.0,0.0,0.0,0.0,0.0
90,536.2694503,714.0545666,0.0,0.0,0.0,714.0545666,1,1,0,0,0,1,114.6125,533.6294303095312,106.00000000000001,430.2694503,0.0,0.0,0.0,0.0,0.0,0.0
91,404.2328834,585.2046364,0.0,0.0,0.0,585.2046364,1,1,0,0,0,1,363.0134290184374,114.6125,298.2328834,106.00000000000001,0.0,0.0,0.0,0.0,0.0,0.0
92,418.7248531,585.2046364,0.0,0.0,0.0,585.2046364,1,1,0,0,0,1,114.6125,381.7397711151562,106.00000000000001,312.7248531,0.0,0.0,0.0,0.0,0.0,0.0
93,414.5842893,585.2046364,0.0,0.0,0.0,585.2046364,1,1,0,0,0,1,114.6125,376.3893863298437,106.00000000000001,308.5842893,0.0,0.0,0.0,0.0,0.0,0.0
94,372.7328846,396.6608949,0.0,0.0,0.0,396.6608949,1,1,0,0,0,1,114.6125,322.3095243190624,106.00000000000001,266.7328846,0.0,0.0,0.0,0.0,0.0,0.0
95,367.506416,396.6608949,0.0,0.0,0.0,396.6608949,1,1,0,0,0,1,114.6125,315.55594692499994,106.00000000000001,261.506416,0.0,0.0,0.0,0.0,0.0,0.0
96,372.7328846,396.6608949,0.0,0.0,0.0,396.6608949,1,1,0,0,0,1,114.6125,322.3095243190624,106.00000000000001,266.7328846,0.0,0.0,0.0,0.0,0.0,0.0
97,365.764259,396.6608949,0.0,0.0,0.0,396.6608949,1,1,0,0,0,1,114.6125,313.30475342656246,106.00000000000001,259.764259,0.0,0.0,0.0,0.0,0.0,0.0
98,377.9593531,396.6608949,0.0,0.0,0.0,396.6608949,1,1,0,0,0,1,329.0631015839062,114.6125,271.9593531,106.00000000000001,0.0,0.0,0.0,0.0,0.0,0.0
99,360.5377905,396.6608949,0.0,0.0,0.0,396.6608949,1,1,0,0,0,1,306.55117616171873,114.6125,254.53779050000003,106.00000000000001,0.0,0.0,0.0,0.0,0.0,0.0
100,362.279945,396.6608949,0.0,0.0,0.0,396.6608949,1,1,0,0,0,1,308.8023664296875,114.6125,256.279945,106.00000000000001,0.0,0.0,0.0,0.0,0.0,0.0
101,346.6005395,396.6608949,0.0,0.0,0.0,396.6608949,1,1,0,0,0,1,114.6125,288.54163463515624,106.00000000000001,240.60053950000002,0.0,0.0,0.0,0.0,0.0,0.0
102,353.569165,396.6608949,0.0,0.0,0.0,396.6608949,1,1,0,0,0,1,297.54640539843746,114.6125,247.569165,106.00000000000001,0.0,0.0,0.0,0.0,0.0,0.0
103,352.4361953,396.6608949,0.0,0.0,0.0,396.6608949,1,1,0,0,0,1,296.08239611421874,114.6125,246.4361953,106.00000000000001,0.0,0.0,0.0,0.0,0.0,0.0
104,348.135434,396.6608949,0.0,0.0,0.0,396.6608949,1,1,0,0,0,1,290.5250061218749,114.6125,242.13543399999998,106.00000000000001,0.0,0.0,0.0,0.0,0.0,0.0
105,312.5361524,396.6608949,0.0,0.0,0.0,396.6608949,1,1,0,0,0,1,244.52405942937494,114.6125,206.5361524,106.00000000000001,0.0,0.0,0.0,0.0,0.0,0.0
106,300.9302561,396.6608949,0.0,0.0,0.0,396.6608949,1,1,0,0,0,1,229.52706530421872,114.6125,194.9302561,106.00000000000001,0.0,0.0,0.0,0.0,0.0,0.0
107,267.7250826,396.6608949,0.0,0.0,0.0,396.6608949,1,1,0,0,0,1,186.6197551721875,114.6125,161.7250826,106.00000000000001,0.0,0.0,0.0,0.0,0.0,0.0
108,253.5148143,396.6608949,0.0,0.0,0.0,396.6608949,1,1,0,0,0,1,168.25742410328124,114.6125,147.5148143,106.00000000000001,0.0,0.0,0.0,0.0,0.0,0.0
109,249.9992176,396.6608949,0.0,0.0,0.0,396.6608949,1,1,0,0,0,1,163.71461399249998,114.6125,143.9992176,106.00000000000001,0.0,0.0,0.0,0.0,0.0,0.0
110,287.3005279,396.6608949,0.0,0.0,0.0,396.6608949,1,1,0,0,0,1,211.91490089578124,114.6125,181.30052790000002,106.00000000000001,0.0,0.0,0.0,0.0,0.0,0.0
111,308.5140356,396.6608949,0.0,0.0,0.0,396.6608949,1,1,0,0,0,1,239.32673037687496,114.6125,202.5140356,106.00000000000001,0.0,0.0,0.0,0.0,0.0,0.0
112,328.5745047,396.6608949,0.0,0.0,0.0,396.6608949,1,1,0,0,0,1,265.2486177920312,114.6125,222.57450469999998,106.00000000000001,0.0,0.0,0.0,0.0,0.0,0.0
113,332.0588187,396.6608949,0.0,0.0,0.0,396.6608949,1,1,0,0,0,1,269.75100478890624,114.6125,226.05881870000002,106.00000000000001,0.0,0.0,0.0,0.0,0.0,0.0
114,339.4851783,396.6608949,0.0,0.0,0.0,396.6608949,1,1,0,0,0,1,279.34725383453116,114.6125,233.48517829999997,106.00000000000001,0.0,0.0,0.0,0.0,0.0,0.0
115,350.6940407,396.6608949,0.0,0.0,0.0,396.6608949,1,1,0,0,0,1,293.83120571703125,114.6125,244.69404070000002,106.00000000000001,0.0,0.0,0.0,0.0,0.0,0.0
116,354.1783523,396.6608949,0.0,0.0,0.0,396.6608949,1,1,0,0,0,1,114.6125,298.33358961265617,106.00000000000001,248.17835229999997,0.0,0.0,0.0,0.0,0.0,0.0
117,382.0528543,396.6608949,0.0,0.0,0.0,396.6608949,1,1,0,0,0,1,334.3526726657812,114.6125,276.0528543,106.00000000000001,0.0,0.0,0.0,0.0,0.0,0.0
118,400.6073867,396.6608949,0.0,0.0,0.0,396.6608949,1,1,0,0,0,1,358.3286075014062,114.6125,294.6073867,106.00000000000001,0.0,0.0,0.0,0.0,0.0,0.0
119,414.5446376,396.6608949,0.0,0.0,0.0,396.6608949,1,1,0,0,0,1,376.3381488987499,114.6125,308.5446376,106.00000000000001,0.0,0.0,0.0,0.0,0.0,0.0
120,404.0916982,396.6608949,0.0,0.0,0.0,396.6608949,1,1,0,0,0,1,114.6125,362.83099126781246,106.00000000000001,298.0916982,0.0,0.0,0.0,0.0,0.0,0.0
121,423.2554178,396.6608949,0.0,0.0,0.0,396.6608949,1,1,0,0,0,1,114.6125,387.5941101884374,106.00000000000001,317.2554178,0.0,0.0,0.0,0.0,0.0,0.0
122,444.1612943,396.6608949,0.0,0.0,0.0,396.6608949,1,1,0,0,0,1,114.6125,414.6084224782812,106.00000000000001,338.1612943,0.0,0.0,0.0,0.0,0.0,0.0
123,426.7397318,396.6608949,0.0,0.0,0.0,396.6608949,1,1,0,0,0,1,114.6125,392.09649718531244,106.00000000000001,320.7397318,0.0,0.0,0.0,0.0,0.0,0.0
124,412.8024807,396.6608949,0.0,0.0,0.0,396.6608949,1,1,0,0,0,1,114.6125,374.08695552953117,106.00000000000001,306.8024807,0.0,0.0,0.0,0.0,0.0,0.0
125,430.2240433,396.6608949,0.0,0.0,0.0,396.6608949,1,1,0,0,0,1,114.6125,396.5988809517187,106.00000000000001,324.2240433,0.0,0.0,0.0,0.0,0.0,0.0
126,451.1299199,396.6608949,0.0,0.0,0.0,396.6608949,1,1,0,0,0,1,423.6131933707812,114.6125,345.1299199,106.00000000000001,0.0,0.0,0.0,0.0,0.0,0.0
127,446.512641,396.6608949,0.0,0.0,0.0,396.6608949,1,1,0,0,0,1,114.6125,417.6468032921874,106.00000000000001,340.512641,0.0,0.0,0.0,0.0,0.0,0.0
128,436.8855768,396.6608949,0.0,0.0,0.0,396.6608949,1,1,0,0,0,1,114.6125,405.20683127125,106.00000000000001,330.8855768,0.0,0.0,0.0,0.0,0.0,0.0
129,401.3612252,396.6608949,0.0,0.0,0.0,396.6608949,1,1,0,0,0,1,114.6125,359.30270818812494,106.00000000000001,295.3612252,0.0,0.0,0.0,0.0,0.0,0.0
130,326.6620243,396.6608949,0.0,0.0,0.0,396.6608949,1,1,0,0,0,1,262.7773345251562,114.6125,220.66202429999998,106.00000000000001,0.0,0.0,0.0,0.0,0.0,0.0
131,340.0834718,396.6608949,0.0,0.0,0.0,396.6608949,1,1,0,0,0,1,280.12036121656246,114.6125,234.08347179999998,106.00000000000001,0.0,0.0,0.0,0.0,0.0,0.0
132,311.7575129,396.6608949,0.0,0.0,0.0,396.6608949,1,1,0,0,0,1,243.51791120046872,114.6125,205.7575129,106.00000000000001,0.0,0.0,0.0,0.0,0.0,0.0
133,311.4263396,396.6608949,0.0,0.0,0.0,396.6608949,1,1,0,0,0,1,243.08997320187498,114.6125,205.4263396,106.00000000000001,0.0,0.0,0.0,0.0,0.0,0.0
134,323.8435229,396.6608949,0.0,0.0,0.0,396.6608949,1,1,0,0,0,1,259.1353022473437,114.6125,217.84352289999998,106.00000000000001,0.0,0.0,0.0,0.0,0.0,0.0
135,356.797806,396.6608949,0.0,0.0,0.0,396.6608949,1,1,0,0,0,1,301.71841494062494,114.6125,250.79780599999998,106.00000000000001,0.0,0.0,0.0,0.0,0.0,0.0
136,359.9333208,396.6608949,0.0,0.0,0.0,396.6608949,1,1,0,0,0,1,305.77008797124995,114.6125,253.9333208,106.00000000000001,0.0,0.0,0.0,0.0,0.0,0.0
137,361.6754753,396.6608949,0.0,0.0,0.0,396.6608949,1,1,0,0,0,1,308.0212782392187,114.6125,255.67547530000002,106.00000000000001,0.0,0.0,0.0,0.0,0.0,0.0
138,355.1645864,396.6608949,0.0,0.0,0.0,396.6608949,1,1,0,0,0,1,299.60798898875,114.6125,249.16458640000002,106.00000000000001,0.0,0.0,0.0,0.0,0.0,0.0
139,366.3734463,396.6608949,0.0,0.0,0.0,396.6608949,1,1,0,0,0,1,314.0919376407812,114.6125,260.3734463,106.00000000000001,0.0,0.0,0.0,0.0,0.0,0.0
140,364.6312917,396.6608949,0.0,0.0,0.0,396.6608949,1,1,0,0,0,1,311.84074724359374,114.6125,258.6312917,106.00000000000001,0.0,0.0,0.0,0.0,0.0,0.0
141,352.4361953,396.6608949,0.0,0.0,0.0,396.6608949,1,1,0,0,0,1,114.6125,296.08239611421874,106.00000000000001,246.4361953,0.0,0.0,0.0,0.0,0.0,0.0
142,357.0534765,396.6608949,0.0,0.0,0.0,396.6608949,1,1,0,0,0,1,114.6125,302.0487891648437,106.00000000000001,251.0534765,0.0,0.0,0.0,0.0,0.0,0.0
143,350.084851,396.6608949,0.0,0.0,0.0,396.6608949,1,1,0,0,0,1,114.6125,293.0440184015625,106.00000000000001,244.08485100000001,0.0,0.0,0.0,0.0,0.0,0.0
144,339.6319139,396.6608949,0.0,0.0,0.0,396.6608949,1,1,0,0,0,1,279.5368637426562,114.6125,233.63191389999997,106.00000000000001,0.0,0.0,0.0,0.0,0.0,0.0
145,339.6319139,396.6608949,0.0,0.0,0.0,396.6608949,1,1,0,0,0,1,114.6125,279.5368637426562,106.00000000000001,233.63191389999997,0.0,0.0,0.0,0.0,0.0,0.0
146,336.1475999,396.6608949,0.0,0.0,0.0,396.6608949,1,1,0,0,0,1,114.6125,275.0344767457812,106.00000000000001,230.1475999,0.0,0.0,0.0,0.0,0.0,0.0
147,308.2730979,396.6608949,0.0,0.0,0.0,396.6608949,1,1,0,0,0,1,114.6125,239.0153936926562,106.00000000000001,202.27309789999998,0.0,0.0,0.0,0.0,0.0,0.0
148,315.2417234,396.6608949,0.0,0.0,0.0,396.6608949,1,1,0,0,0,1,114.6125,248.02016445593748,106.00000000000001,209.2417234,0.0,0.0,0.0,0.0,0.0,0.0
149,316.9838804,396.6608949,0.0,0.0,0.0,396.6608949,1,1,0,0,0,1,114.6125,250.27135795437493,106.00000000000001,210.98388039999998,0.0,0.0,0.0,0.0,0.0,0.0
150,310.0152548,396.6608949,0.0,0.0,0.0,396.6608949,1,1,0,0,0,1,114.6125,241.26658706187493,106.00000000000001,204.01525479999998,0.0,0.0,0.0,0.0,0.0,0.0
151,323.6147762,587.1223702,0.0,0.0,0.0,587.1223702,1,1,0,0,0,1,258.83971862093745,114.6125,217.6147762,106.00000000000001,0.0,0.0,0.0,0.0,0.0,0.0
152,421.0917485,781.293796,0.0,0.0,0.0,781.293796,1,1,0,0,0,1,384.7982437648437,114.6125,315.0917485,106.00000000000001,0.0,0.0,0.0,0.0,0.0,0.0
153,388.4932398,781.293796,0.0,0.0,0.0,781.293796,1,1,0,0,0,1,342.67485830406247,114.6125,282.4932398,106.00000000000001,0.0,0.0,0.0,0.0,0.0,0.0
154,366.8639963,791.3176496,0.0,0.0,0.0,791.3176496,1,1,0,0,0,1,114.6125,314.7258202189062,106.00000000000001,260.8639963,0.0,0.0,0.0,0.0,0.0,0.0
155,363.3020447,791.3176496,0.0,0.0,0.0,791.3176496,1,1,0,0,0,1,310.1231108857812,114.6125,257.3020447,106.00000000000001,0.0,0.0,0.0,0.0,0.0,0.0
156,371.3088048,791.3176496,0.0,0.0,0.0,791.3176496,1,1,0,0,0,1,320.4693462025,114.6125,265.3088048,106.00000000000001,0.0,0.0,0.0,0.0,0.0,0.0
157,362.1603162,791.3176496,0.0,0.0,0.0,791.3176496,1,1,0,0,0,1,308.6477835896875,114.6125,256.1603162,106.00000000000001,0.0,0.0,0.0,0.0,0.0,0.0
158,368.678828,791.3176496,0.0,0.0,0.0,791.3176496,1,1,0,0,0,1,317.07092305624997,114.6125,262.678828,106.00000000000001,0.0,0.0,0.0,0.0,0.0,0.0
159,378.2613376,779.3760622,0.0,0.0,0.0,779.3760622,1,1,0,0,0,1,329.45332217999993,114.6125,272.2613376,106.00000000000001,0.0,0.0,0.0,0.0,0.0,0.0
160,379.3416029,779.3760622,0.0,0.0,0.0,779.3760622,1,1,0,0,0,1,330.8492274973437,114.6125,273.3416029,106.00000000000001,0.0,0.0,0.0,0.0,0.0,0.0
161,374.7201866,779.3760622,0.0,0.0,0.0,779.3760622,1,1,0,0,0,1,324.87749112218745,114.6125,268.7201866,106.00000000000001,0.0,0.0,0.0,0.0,0.0,0.0
162,385.7629064,714.0545666,0.0,0.0,0.0,714.0545666,1,1,0,0,0,1,339.14675561375,114.6125,279.7629064,106.00000000000001,0.0,0.0,0.0,0.0,0.0,0.0
163,269.3108426,585.2046364,0.0,0.0,0.0,585.2046364,1,1,0,0,0,1,188.66885442218748,114.6125,163.3108426,106.00000000000001,0.0,0.0,0.0,0.0,0.0,0.0
164,273.1409495,585.2046364,0.0,0.0,0.0,585.2046364,1,1,0,0,0,1,193.6180706820312,114.6125,167.14094949999998,106.00000000000001,0.0,0.0,0.0,0.0,0.0,0.0
165,278.8861098,585.2046364,0.0,0.0,0.0,585.2046364,1,1,0,0,0,1,201.04189500718746,114.6125,172.88610979999999,106.00000000000001,0.0,0.0,0.0,0.0,0.0,0.0
166,270.9037174,396.6608949,0.0,0.0,0.0,396.6608949,1,1,0,0,0,1,190.72714732781247,114.6125,164.9037174,106.00000000000001,0.0,0.0,0.0,0.0,0.0,0.0
167,269.3167901,396.6608949,0.0,0.0,0.0,396.6608949,1,1,0,0,0,1,188.67653970734372,114.6125,163.3167901,106.00000000000001,0.0,0.0,0.0,0.0,0.0,0.0
