k,Q_D,P_D,E_TES,Qin_TES,Qout_TES,Pgrid,dB1,dB2,dCHP1,dCHP2,din_TES,dout_TES,Qin_B1,Qout_B1,Qin_CHP1,Qout_CHP1,Pout_CHP1,Qin_B2,Qout_B2,Qin_CHP2,Qout_CHP2,Pout_CHP2
0,320.468192,396.6608949,0.0,0.0,0.0,137.47417002870026,0.0,0.0,0.0,0.6818472170212765,0.0,1.0,0.0,0.0,0.0,0.0,0.0,0.0,0.0,666.2540374220374,320.468192,259.18672487129976
1,339.6319139,396.6608949,0.0,0.0,0.0,121.97502708846923,0.0,0.0,0.0,0.7226210934042552,0.0,1.0,0.0,0.0,0.0,0.0,0.0,0.0,0.0,706.0954550935551,339.6319139,274.6858678115308
2,355.3113195,396.6608949,0.0,0.0,0.0,109.29391274750924,0.0,0.0,0.0,0.7559815308510638,0.0,1.0,0.0,0.0,0.0,0.0,0.0,0.0,0.0,738.692971933472,355.3113195,287.3669821524908
3,357.0534765,396.6608949,0.0,0.0,0.0,107.88489937796521,0.0,0.0,0.0,0.7596882478723403,0.0,1.0,0.0,0.0,0.0,0.0,0.0,0.0,0.0,742.3149199584199,357.0534765,288.7759955220348
4,357.0534765,396.6608949,0.0,0.0,0.0,107.88489937796521,0.0,0.0,0.0,0.7596882478723403,0.0,1.0,0.0,0.0,0.0,0.0,0.0,0.0,0.0,742.3149199584199,357.0534765,288.7759955220348
5,353.569165,396.6608949,0.0,0.0,0.0,110.70292409511535,0.0,0.0,0.0,0.7522748191489361,0.0,1.0,0.0,0.0,0.0,0.0,0.0,0.0,0.0,735.0710291060291,353.569165,285.95797080488467
6,355.3113195,396.6608949,0.0,0.0,0.0,109.29391274750924,0.0,0.0,0.0,0.7559815308510638,0.0,1.0,0.0,0.0,0.0,0.0,0.0,0.0,0.0,738.692971933472,355.3113195,287.3669821524908
7,383.7054617,587.1223702,0.0,0.0,0.0,276.7909101178307,0.0,0.0,0.816394599361702,0.0,0.0,1.0,0.0,0.0,797.7244525987527,383.7054617,310.33146008216926,0.0,0.0,0.0,0.0,0.0
8,506.9542607,781.293796,0.0,0.0,0.0,371.28176432109916,0.0,0.0,1.0,0.07862608659574472,0.0,1.0,0.0,0.0,977.1309771309772,470.0,380.1243422296054,0.0,0.0,76.82798482328487,36.95426070000002,29.887689449295454
9,497.295584,781.293796,0.0,0.0,0.0,379.09346246449473,0.0,0.0,1.0,0.0580757106382979,0.0,1.0,0.0,0.0,977.1309771309772,470.0,380.1243422296054,0.0,0.0,56.74757588357593,27.29558400000002,22.07599130589989
10,487.2668116,791.3176496,0.0,0.0,0.0,397.22833843028286,0.0,0.0,1.0,0.036737897021276555,0.0,1.0,0.0,0.0,977.1309771309772,470.0,380.1243422296054,0.0,0.0,35.89773721413718,17.266811599999983,13.96496894011173
11,472.8077301,791.3176496,0.0,0.0,0.0,408.9224849077972,0.0,0.0,1.0,0.005973893829787264,0.0,1.0,0.0,0.0,977.1309771309772,470.0,380.1243422296054,0.0,0.0,5.837276715176746,2.8077301000000148,2.2708224625973825
12,449.1472223,791.3176496,0.0,0.0,0.0,428.0585167467194,0.0,0.0,0.9556323878723404,0.0,0.0,1.0,0.0,0.0,933.778008939709,449.1472223,363.25913285328056,0.0,0.0,0.0,0.0,0.0
13,455.6758214,791.3176496,0.0,0.0,0.0,422.778347728489,0.0,0.0,0.0,0.969523024255319,0.0,1.0,0.0,0.0,0.0,0.0,0.0,0.0,0.0,947.3509800415801,455.6758214,368.539301871511
14,473.1244571,791.3176496,0.0,0.0,0.0,408.66632396621986,0.0,0.0,1.0,0.006647781063829727,0.0,1.0,0.0,0.0,977.1309771309772,470.0,380.1243422296054,0.0,0.0,6.495752806652749,3.1244570999999723,2.5269834041747012
15,481.4872323,779.3760622,0.0,0.0,0.0,389.9611314127857,0.0,0.0,1.0,0.024440919787234075,0.0,1.0,0.0,0.0,977.1309771309772,470.0,380.1243422296054,0.0,0.0,23.881979833679868,11.487232300000016,9.290588557608901
16,486.1668577,779.3760622,0.0,0.0,0.0,386.1763664616028,0.0,0.0,1.0,0.03439756957446804,0.0,1.0,0.0,0.0,977.1309771309772,470.0,380.1243422296054,0.0,0.0,33.61093076923073,16.16685769999998,13.075353508791752
17,488.5970503,779.3760622,0.0,0.0,0.0,384.21088696465335,0.0,0.0,0.03956819212765952,1.0,0.0,1.0,0.0,0.0,38.66330623700619,18.597050299999978,15.040833005741227,0.0,0.0,977.1309771309772,470.0,380.1243422296054
18,498.1615104,714.0545666,0.0,0.0,0.0,311.15389327041123,0.0,0.0,0.059918107234042534,1.0,0.0,1.0,0.0,0.0,58.54783866943867,28.161510399999997,22.776331099983384,0.0,0.0,977.1309771309772,470.0,380.1243422296054
19,371.1083804,585.2046364,0.0,0.0,0.0,285.0613832182039,0.0,0.0,0.7895922987234041,0.0,0.0,1.0,0.0,0.0,771.5350943866944,371.1083804,300.1432531817961,0.0,0.0,0.0,0.0,0.0
20,373.1786634,585.2046364,0.0,0.0,0.0,283.3869896786206,0.0,0.0,0.0,0.7939971561702126,0.0,1.0,0.0,0.0,0.0,0.0,0.0,0.0,0.0,775.8392170478171,373.1786634,301.81764672137945
21,375.2489441,585.2046364,0.0,0.0,0.0,281.7125979992203,0.0,0.0,0.0,0.7984020087234042,0.0,1.0,0.0,0.0,0.0,0.0,0.0,0.0,0.0,780.1433349272351,375.2489441,303.49203840077973
22,348.3426941,396.6608949,0.0,0.0,0.0,114.92996412286993,0.0,0.0,0.0,0.7411546682978722,0.0,1.0,0.0,0.0,0.0,0.0,0.0,0.0,0.0,724.2051852390853,348.3426941,281.7309307771301
23,350.084851,396.6608949,0.0,0.0,0.0,113.5209508342034,0.0,0.0,0.7448613851063829,0.0,0.0,1.0,0.0,0.0,727.8271330561331,350.084851,283.1399440657966,0.0,0.0,0.0,0.0,0.0
24,350.084851,396.6608949,0.0,0.0,0.0,113.5209508342034,0.0,0.0,0.0,0.7448613851063829,0.0,1.0,0.0,0.0,0.0,0.0,0.0,0.0,0.0,727.8271330561331,350.084851,283.1399440657966
25,353.569165,396.6608949,0.0,0.0,0.0,110.70292409511535,0.0,0.0,0.7522748191489361,0.0,0.0,1.0,0.0,0.0,735.0710291060291,353.569165,285.95797080488467,0.0,0.0,0.0,0.0,0.0
26,355.3113195,396.6608949,0.0,0.0,0.0,109.29391274750924,0.0,0.0,0.0,0.7559815308510638,0.0,1.0,0.0,0.0,0.0,0.0,0.0,0.0,0.0,738.692971933472,355.3113195,287.3669821524908
27,357.0534765,396.6608949,0.0,0.0,0.0,107.88489937796521,0.0,0.0,0.7596882478723403,0.0,0.0,1.0,0.0,0.0,742.3149199584199,357.0534765,288.7759955220348,0.0,0.0,0.0,0.0,0.0
28,362.279945,396.6608949,0.0,0.0,0.0,103.65786129127105,0.0,0.0,0.0,0.7708083936170212,0.0,1.0,0.0,0.0,0.0,0.0,0.0,0.0,0.0,753.1807588357589,362.279945,293.00303360872897
29,364.022102,396.6608949,0.0,0.0,0.0,102.24884792172702,0.0,0.0,0.0,0.7745151106382978,0.0,1.0,0.0,0.0,0.0,0.0,0.0,0.0,0.0,756.8027068607068,364.022102,294.412046978273
30,364.022102,396.6608949,0.0,0.0,0.0,102.24884792172702,0.0,0.0,0.0,0.7745151106382978,0.0,1.0,0.0,0.0,0.0,0.0,0.0,0.0,0.0,756.8027068607068,364.022102,294.412046978273
31,398.210111,587.1223702,0.0,0.0,0.0,265.0599095339295,0.0,0.0,0.0,0.8472555553191489,0.0,1.0,0.0,0.0,0.0,0.0,0.0,0.0,0.0,827.8796486486486,398.210111,322.0624606660705
32,525.2319391,781.293796,0.0,0.0,0.0,356.4992313864518,0.0,0.0,0.11751476404255312,1.0,0.0,1.0,0.0,0.0,114.82731621621618,55.23193909999998,44.6702223839428,0.0,0.0,977.1309771309772,470.0,380.1243422296054
33,518.7740505,781.293796,0.0,0.0,0.0,361.72221150616895,0.0,0.0,1.0,0.10377457553191496,0.0,1.0,0.0,0.0,977.1309771309772,470.0,380.1243422296054,0.0,0.0,101.4013523908525,48.774050500000044,39.44724226422569
34,513.0255398,791.3176496,0.0,0.0,0.0,376.39531797561006,0.0,0.0,1.0,0.09154370170212775,0.0,1.0,0.0,0.0,977.1309771309772,470.0,380.1243422296054,0.0,0.0,89.4501866943868,43.02553980000005,34.79798939478453
35,505.2914575,791.3176496,0.0,0.0,0.0,382.65045190547636,0.0,0.0,1.0,0.07508820744680846,0.0,1.0,0.0,0.0,977.1309771309772,470.0,380.1243422296054,0.0,0.0,73.37101351351347,35.29145749999998,28.542855464918226
36,489.3713909,791.3176496,0.0,0.0,0.0,395.526206893937,0.0,0.0,1.0,0.04121572531914892,0.0,1.0,0.0,0.0,977.1309771309772,470.0,380.1243422296054,0.0,0.0,40.273161954261944,19.371390899999994,15.667100476457577
37,482.3716511,791.3176496,0.0,0.0,0.0,401.1874228242633,0.0,0.0,1.0,0.02632266191489363,0.0,1.0,0.0,0.0,977.1309771309772,470.0,380.1243422296054,0.0,0.0,25.720688357588376,12.371651100000008,10.005884546131227
38,493.9611443,791.3176496,0.0,0.0,0.0,391.81412818718997,0.0,0.0,1.0,0.05098115808510638,0.0,1.0,0.0,0.0,977.1309771309772,470.0,380.1243422296054,0.0,0.0,49.81526881496882,23.9611443,19.37917918320459
39,505.3895853,779.3760622,0.0,0.0,0.0,370.6295011747754,0.0,0.0,0.07529699000000004,1.0,0.0,1.0,0.0,0.0,73.57502141372146,35.38958530000002,28.62221879561919,0.0,0.0,977.1309771309772,470.0,380.1243422296054
40,516.1118787,779.3760622,0.0,0.0,0.0,361.9575762261204,0.0,0.0,1.0,0.09811038021276601,0.0,1.0,0.0,0.0,977.1309771309772,470.0,380.1243422296054,0.0,0.0,95.86669168399175,46.111878700000034,37.29414374427417
41,528.6186163,779.3760622,0.0,0.0,0.0,351.84243706944324,0.0,0.0,0.12472046021276591,1.0,0.0,1.0,0.0,0.0,121.86822515592513,58.618616299999985,47.40928290095131,0.0,0.0,977.1309771309772,470.0,380.1243422296054
42,531.5059581,714.0545666,0.0,0.0,0.0,284.1857310385559,0.0,0.0,0.13086374063829795,1.0,0.0,1.0,0.0,0.0,127.87101476091486,61.50595810000004,49.7444933318387,0.0,0.0,977.1309771309772,470.0,380.1243422296054
43,402.1626028,585.2046364,0.0,0.0,0.0,259.9454984027744,0.0,0.0,0.8556651123404254,0.0,0.0,1.0,0.0,0.0,836.0968873180873,402.1626028,325.25913799722565,0.0,0.0,0.0,0.0,0.0
44,402.1626028,585.2046364,0.0,0.0,0.0,259.9454984027744,0.0,0.0,0.0,0.8556651123404254,0.0,1.0,0.0,0.0,0.0,0.0,0.0,0.0,0.0,836.0968873180873,402.1626028,325.25913799722565
45,398.0220389,585.2046364,0.0,0.0,0.0,263.294283783513,0.0,0.0,0.8468554019148935,0.0,0.0,1.0,0.0,0.0,827.4886463617463,398.0220389,321.91035261648705,0.0,0.0,0.0,0.0,0.0
46,370.9907276,396.6608949,0.0,0.0,0.0,96.61279638461122,0.0,0.0,0.0,0.7893419736170213,0.0,1.0,0.0,0.0,0.0,0.0,0.0,0.0,0.0,771.2904939708941,370.9907276,300.0480985153888
47,377.9593531,396.6608949,0.0,0.0,0.0,90.97674492837308,0.0,0.0,0.0,0.8041688363829786,0.0,1.0,0.0,0.0,0.0,0.0,0.0,0.0,0.0,785.7782808731808,377.9593531,305.68414997162694
48,381.4436671,396.6608949,0.0,0.0,0.0,88.15871818928497,0.0,0.0,0.0,0.8115822704255319,0.0,1.0,0.0,0.0,0.0,0.0,0.0,0.0,0.0,793.022176923077,381.4436671,308.50217671071505
49,386.6701356,396.6608949,0.0,0.0,0.0,83.93168010259086,0.0,0.0,0.0,0.8227024161702126,0.0,1.0,0.0,0.0,0.0,0.0,0.0,0.0,0.0,803.8880158004157,386.6701356,312.72921479740916
50,384.9279786,396.6608949,0.0,0.0,0.0,85.34069347213489,0.0,0.0,0.0,0.8189956991489361,0.0,1.0,0.0,0.0,0.0,0.0,0.0,0.0,0.0,800.2660677754678,384.9279786,311.32020142786513
51,384.9279786,396.6608949,0.0,0.0,0.0,85.34069347213489,0.0,0.0,0.8189956991489361,0.0,0.0,1.0,0.0,0.0,800.2660677754678,384.9279786,311.32020142786513,0.0,0.0,0.0,0.0,0.0
52,381.4436671,396.6608949,0.0,0.0,0.0,88.15871818928497,0.0,0.0,0.8115822704255319,0.0,0.0,1.0,0.0,0.0,793.022176923077,381.4436671,308.50217671071505,0.0,0.0,0.0,0.0,0.0
53,381.4436671,396.6608949,0.0,0.0,0.0,88.15871818928497,0.0,0.0,0.8115822704255319,0.0,0.0,1.0,0.0,0.0,793.022176923077,381.4436671,308.50217671071505,0.0,0.0,0.0,0.0,0.0
54,383.1858216,396.6608949,0.0,0.0,0.0,86.74970684167891,0.0,0.0,0.0,0.8152889821276594,0.0,1.0,0.0,0.0,0.0,0.0,0.0,0.0,0.0,796.6441197505197,383.1858216,309.9111880583211
55,421.0031304,587.1223702,0.0,0.0,0.0,246.62548079594728,0.0,0.0,0.0,0.8957513412765956,0.0,1.0,0.0,0.0,0.0,0.0,0.0,0.0,0.0,875.2663833679833,421.0031304,340.4968894040527
56,549.5079332,781.293796,0.0,0.0,0.0,336.8654094944682,0.0,0.0,1.0,0.16916581531914895,0.0,1.0,0.0,0.0,977.1309771309772,470.0,380.1243422296054,0.0,0.0,165.29715841995846,79.50793320000002,64.3040442759264
57,524.1485906,781.293796,0.0,0.0,0.0,357.37541678212824,0.0,0.0,0.11520976723404261,1.0,0.0,1.0,0.0,0.0,112.57503243243251,54.148590600000034,43.7940369882664,0.0,0.0,977.1309771309772,470.0,380.1243422296054
58,508.9603391,791.3176496,0.0,0.0,0.0,379.6831514694799,0.0,0.0,1.0,0.08289433851063828,0.0,1.0,0.0,0.0,977.1309771309772,470.0,380.1243422296054,0.0,0.0,80.99862598752598,38.9603391,31.510155900914626
59,495.7810111,791.3176496,0.0,0.0,0.0,390.34226505890166,0.0,0.0,1.0,0.05485321510638297,0.0,1.0,0.0,0.0,977.1309771309772,470.0,380.1243422296054,0.0,0.0,53.598775675675675,25.7810111,20.851042311492883
60,476.4819936,791.3176496,0.0,0.0,0.0,405.9508317245722,0.0,0.0,1.0,0.01379147574468087,0.0,1.0,0.0,0.0,977.1309771309772,470.0,380.1243422296054,0.0,0.0,13.476078170478191,6.48199360000001,5.242475645822374
61,482.171696,791.3176496,0.0,0.0,0.0,401.34914154950366,0.0,0.0,1.0,0.025897225531914883,0.0,1.0,0.0,0.0,977.1309771309772,470.0,380.1243422296054,0.0,0.0,25.30498128898128,12.171695999999997,9.844165820890888
62,495.1631036,791.3176496,0.0,0.0,0.0,390.84201331846816,0.0,0.0,0.05353851829787233,1.0,0.0,1.0,0.0,0.0,52.3141446985447,25.1631036,20.351294051926416,0.0,0.0,977.1309771309772,470.0,380.1243422296054
63,515.3563626,779.3760622,0.0,0.0,0.0,362.56861890815526,0.0,0.0,1.0,0.09650289914893617,0.0,1.0,0.0,0.0,977.1309771309772,470.0,380.1243422296054,0.0,0.0,94.29597214137218,45.35636260000001,36.68310106223932
64,518.6132248,779.3760622,0.0,0.0,0.0,359.93454954324574,0.0,0.0,1.0,0.10343239319148938,0.0,1.0,0.0,0.0,977.1309771309772,470.0,380.1243422296054,0.0,0.0,101.06699542619545,48.61322480000001,39.31717042714881
65,518.6132248,779.3760622,0.0,0.0,0.0,359.93454954324574,0.0,0.0,0.10343239319148938,1.0,0.0,1.0,0.0,0.0,101.06699542619545,48.61322480000001,39.31717042714881,0.0,0.0,977.1309771309772,470.0,380.1243422296054
66,526.7424659,714.0545666,0.0,0.0,0.0,288.03832537736633,0.0,0.0,0.12072865085106373,1.0,0.0,1.0,0.0,0.0,117.96770457380448,56.74246589999996,45.891898993028285,0.0,0.0,977.1309771309772,470.0,380.1243422296054
67,391.8111945,585.2046364,0.0,0.0,0.0,268.31746068189693,0.0,0.0,0.0,0.8336408393617021,0.0,1.0,0.0,0.0,0.0,0.0,0.0,0.0,0.0,814.5762879417879,391.8111945,316.8871757181031
68,389.7409138,585.2046364,0.0,0.0,0.0,269.99185236129716,0.0,0.0,0.0,0.8292359868085105,0.0,1.0,0.0,0.0,0.0,0.0,0.0,0.0,0.0,810.2721700623702,389.7409138,315.21278403870286
69,389.7409138,585.2046364,0.0,0.0,0.0,269.99185236129716,0.0,0.0,0.0,0.8292359868085105,0.0,1.0,0.0,0.0,0.0,0.0,0.0,0.0,0.0,810.2721700623702,389.7409138,315.21278403870286
70,357.0534765,396.6608949,0.0,0.0,0.0,107.88489937796521,0.0,0.0,0.7596882478723403,0.0,0.0,1.0,0.0,0.0,742.3149199584199,357.0534765,288.7759955220348,0.0,0.0,0.0,0.0,0.0
71,357.0534765,396.6608949,0.0,0.0,0.0,107.88489937796521,0.0,0.0,0.7596882478723403,0.0,0.0,1.0,0.0,0.0,742.3149199584199,357.0534765,288.7759955220348,0.0,0.0,0.0,0.0,0.0
72,360.5377905,396.6608949,0.0,0.0,0.0,105.0668726388771,0.0,0.0,0.0,0.7671016819148936,0.0,1.0,0.0,0.0,0.0,0.0,0.0,0.0,0.0,749.5588160083161,360.5377905,291.5940222611229
73,357.0534765,396.6608949,0.0,0.0,0.0,107.88489937796521,0.0,0.0,0.0,0.7596882478723403,0.0,1.0,0.0,0.0,0.0,0.0,0.0,0.0,0.0,742.3149199584199,357.0534765,288.7759955220348
74,364.022102,396.6608949,0.0,0.0,0.0,102.24884792172702,0.0,0.0,0.0,0.7745151106382978,0.0,1.0,0.0,0.0,0.0,0.0,0.0,0.0,0.0,756.8027068607068,364.022102,294.412046978273
75,353.569165,396.6608949,0.0,0.0,0.0,110.70292409511535,0.0,0.0,0.0,0.7522748191489361,0.0,1.0,0.0,0.0,0.0,0.0,0.0,0.0,0.0,735.0710291060291,353.569165,285.95797080488467
76,358.7956335,396.6608949,0.0,0.0,0.0,106.47588600842113,0.0,0.0,0.0,0.7633949648936169,0.0,1.0,0.0,0.0,0.0,0.0,0.0,0.0,0.0,745.9368679833681,358.7956335,290.1850088915789
77,365.764259,396.6608949,0.0,0.0,0.0,100.83983455218299,0.0,0.0,0.0,0.7782218276595744,0.0,1.0,0.0,0.0,0.0,0.0,0.0,0.0,0.0,760.4246548856548,365.764259,295.821060347817
78,381.4436671,396.6608949,0.0,0.0,0.0,88.15871818928497,0.0,0.0,0.0,0.8115822704255319,0.0,1.0,0.0,0.0,0.0,0.0,0.0,0.0,0.0,793.022176923077,381.4436671,308.50217671071505
79,410.6426673,587.1223702,0.0,0.0,0.0,255.00476637271663,0.0,0.0,0.0,0.8737078027659574,0.0,1.0,0.0,0.0,0.0,0.0,0.0,0.0,0.0,853.7269590436591,410.6426673,332.11760382728335
80,541.2815198,781.293796,0.0,0.0,0.0,343.5187286063487,0.0,0.0,1.0,0.15166280808510627,0.0,1.0,0.0,0.0,977.1309771309772,470.0,380.1243422296054,0.0,0.0,148.1944278586278,71.28151979999996,57.65072516404591
81,510.2371802,781.293796,0.0,0.0,0.0,368.62662045826886,0.0,0.0,1.0,0.08561102170212767,0.0,1.0,0.0,0.0,977.1309771309772,470.0,380.1243422296054,0.0,0.0,83.65318128898132,40.23718020000001,32.54283331212576
82,470.167779,791.3176496,0.0,0.0,0.0,411.05761187674574,0.0,0.0,0.0003569765957446721,1.0,0.0,1.0,0.0,0.0,0.3488128898128813,0.1677789999999959,0.13569549364880723,0.0,0.0,977.1309771309772,470.0,380.1243422296054
83,453.1732935,791.3176496,0.0,0.0,0.0,424.80233022189054,0.0,0.0,0.9641984968085106,0.0,0.0,1.0,0.0,0.0,942.1482193347194,453.1732935,366.51531937810944,0.0,0.0,0.0,0.0,0.0
84,456.6195372,791.3176496,0.0,0.0,0.0,422.01509379715566,0.0,0.0,0.9715309302127658,0.0,0.0,1.0,0.0,0.0,949.3129671517672,456.6195372,369.3025558028443,0.0,0.0,0.0,0.0,0.0
85,462.0876488,791.3176496,0.0,0.0,0.0,417.59262076484055,0.0,0.0,0.9831652102127657,0.0,0.0,1.0,0.0,0.0,960.6811825363826,462.0876488,373.72502883515943,0.0,0.0,0.0,0.0,0.0
86,460.9349327,791.3176496,0.0,0.0,0.0,418.52490895481924,0.0,0.0,0.9807126227659573,0.0,0.0,1.0,0.0,0.0,958.2846833679835,460.9349327,372.79274064518074,0.0,0.0,0.0,0.0,0.0
87,488.5970503,779.3760622,0.0,0.0,0.0,384.21088696465335,0.0,0.0,1.0,0.03956819212765952,0.0,1.0,0.0,0.0,977.1309771309772,470.0,380.1243422296054,0.0,0.0,38.66330623700619,18.597050299999978,15.040833005741227
88,503.6051387,779.3760622,0.0,0.0,0.0,372.07271732385806,0.0,0.0,0.07150029510638296,1.0,0.0,1.0,0.0,0.0,69.86515322245322,33.6051387,27.1790026465365,0.0,0.0,977.1309771309772,470.0,380.1243422296054
89,516.1118787,779.3760622,0.0,0.0,0.0,361.9575762261204,0.0,0.0,1.0,0.09811038021276601,0.0,1.0,0.0,0.0,977.1309771309772,470.0,380.1243422296054,0.0,0.0,95.86669168399175,46.111878700000034,37.29414374427417
90,536.2694503,714.0545666,0.0,0.0,0.0,280.33313669974564,0.0,0.0,0.14099883042553193,1.0,0.0,1.0,0.0,0.0,137.774324948025,66.26945030000002,53.597087670649,0.0,0.0,977.1309771309772,470.0,380.1243422296054
91,404.2328834,585.2046364,0.0,0.0,0.0,258.27110680425164,0.0,0.0,0.0,0.860069964680851,0.0,1.0,0.0,0.0,0.0,0.0,0.0,0.0,0.0,840.401004989605,404.2328834,326.9335295957484
92,418.7248531,585.2046364,0.0,0.0,0.0,246.55036116632846,0.0,0.0,0.0,0.8909039427659573,0.0,1.0,0.0,0.0,0.0,0.0,0.0,0.0,0.0,870.5298401247402,418.7248531,338.65427523367157
93,414.5842893,585.2046364,0.0,0.0,0.0,249.8991464661895,0.0,0.0,0.0,0.8820942325531914,0.0,1.0,0.0,0.0,0.0,0.0,0.0,0.0,0.0,861.9215993762995,414.5842893,335.3054899338105
94,372.7328846,396.6608949,0.0,0.0,0.0,95.2037830150673,0.0,0.0,0.0,0.7930486906382977,0.0,1.0,0.0,0.0,0.0,0.0,0.0,0.0,0.0,774.912441995842,372.7328846,301.4571118849327
95,367.506416,396.6608949,0.0,0.0,0.0,99.43082118263885,0.0,0.0,0.0,0.7819285446808509,0.0,1.0,0.0,0.0,0.0,0.0,0.0,0.0,0.0,764.046602910603,367.506416,297.23007371736117
96,372.7328846,396.6608949,0.0,0.0,0.0,95.2037830150673,0.0,0.0,0.0,0.7930486906382977,0.0,1.0,0.0,0.0,0.0,0.0,0.0,0.0,0.0,774.912441995842,372.7328846,301.4571118849327
97,365.764259,396.6608949,0.0,0.0,0.0,100.83983455218299,0.0,0.0,0.0,0.7782218276595744,0.0,1.0,0.0,0.0,0.0,0.0,0.0,0.0,0.0,760.4246548856548,365.764259,295.821060347817
98,377.9593531,396.6608949,0.0,0.0,0.0,90.97674492837308,0.0,0.0,0.0,0.8041688363829786,0.0,1.0,0.0,0.0,0.0,0.0,0.0,0.0,0.0,785.7782808731808,377.9593531,305.68414997162694
99,360.5377905,396.6608949,0.0,0.0,0.0,105.0668726388771,0.0,0.0,0.0,0.7671016819148936,0.0,1.0,0.0,0.0,0.0,0.0,0.0,0.0,0.0,749.5588160083161,360.5377905,291.5940222611229
100,362.279945,396.6608949,0.0,0.0,0.0,103.65786129127105,0.0,0.0,0.0,0.7708083936170212,0.0,1.0,0.0,0.0,0.0,0.0,0.0,0.0,0.0,753.1807588357589,362.279945,293.00303360872897
101,346.6005395,396.6608949,0.0,0.0,0.0,116.33897555135354,0.0,0.0,0.0,0.7374479563829787,0.0,1.0,0.0,0.0,0.0,0.0,0.0,0.0,0.0,720.5832422037422,346.6005395,280.3219193486465
102,353.569165,396.6608949,0.0,0.0,0.0,110.70292409511535,0.0,0.0,0.0,0.7522748191489361,0.0,1.0,0.0,0.0,0.0,0.0,0.0,0.0,0.0,735.0710291060291,353.569165,285.95797080488467
103,352.4361953,396.6608949,0.0,0.0,0.0,111.61924188655905,0.0,0.0,0.0,0.7498642453191489,0.0,1.0,0.0,0.0,0.0,0.0,0.0,0.0,0.0,732.7155827442828,352.4361953,285.04165301344096
104,348.135434,396.6608949,0.0,0.0,0.0,115.09759095091874,0.0,0.0,0.0,0.740713689361702,0.0,1.0,0.0,0.0,0.0,0.0,0.0,0.0,0.0,723.774291060291,348.135434,281.5633039490813
105,312.5361524,396.6608949,0.0,0.0,0.0,143.88940691271983,0.0,0.0,0.6649705370212765,0.0,0.0,1.0,0.0,0.0,649.7633106029106,312.5361524,252.77148798728018,0.0,0.0,0.0,0.0,0.0
106,300.9302561,396.6608949,0.0,0.0,0.0,153.27596797021448,0.0,0.0,0.6402771406382978,0.0,0.0,1.0,0.0,0.0,625.6346280665281,300.9302561,243.38492692978554,0.0,0.0,0.0,0.0,0.0
107,267.7250826,396.6608949,0.0,0.0,0.0,180.13148868363447,0.0,0.0,0.5696278353191488,0.0,0.0,1.0,0.0,0.0,556.6010033264034,267.7250826,216.52940621636554,0.0,0.0,0.0,0.0,0.0
108,253.5148143,396.6608949,0.0,0.0,0.0,191.6244012164935,0.0,0.0,0.5393932219148935,0.0,0.0,1.0,0.0,0.0,527.057825987526,253.5148143,205.0364936835065,0.0,0.0,0.0,0.0,0.0
109,249.9992176,396.6608949,0.0,0.0,0.0,194.46772862741284,0.0,0.0,0.0,0.5319132289361702,0.0,1.0,0.0,0.0,0.0,0.0,0.0,0.0,0.0,519.7488931392932,249.9992176,202.19316627258718
110,287.3005279,396.6608949,0.0,0.0,0.0,164.2993540697747,0.0,0.0,0.0,0.6112777189361702,0.0,1.0,0.0,0.0,0.0,0.0,0.0,0.0,0.0,597.2983948024948,287.3005279,232.36154083022532
111,308.5140356,396.6608949,0.0,0.0,0.0,147.14239521691263,0.0,0.0,0.0,0.6564128417021275,0.0,1.0,0.0,0.0,0.0,0.0,0.0,0.0,0.0,641.4013214137215,308.5140356,249.51849968308738
112,328.5745047,396.6608949,0.0,0.0,0.0,130.91798538403003,0.0,0.0,0.0,0.6990946908510637,0.0,1.0,0.0,0.0,0.0,0.0,0.0,0.0,0.0,683.1070783783783,328.5745047,265.74290951597
113,332.0588187,396.6608949,0.0,0.0,0.0,128.09995864494198,0.0,0.0,0.0,0.7065081248936169,0.0,1.0,0.0,0.0,0.0,0.0,0.0,0.0,0.0,690.3509744282744,332.0588187,268.56093625505804
114,339.4851783,396.6608949,0.0,0.0,0.0,122.09370320215362,0.0,0.0,0.0,0.7223088899999998,0.0,1.0,0.0,0.0,0.0,0.0,0.0,0.0,0.0,705.7903914760915,339.4851783,274.5671916978464
115,350.6940407,396.6608949,0.0,0.0,0.0,113.02825331504266,0.0,0.0,0.0,0.7461575334042553,0.0,1.0,0.0,0.0,0.0,0.0,0.0,0.0,0.0,729.0936397089397,350.6940407,283.63264158495736
116,354.1783523,396.6608949,0.0,0.0,0.0,110.21022851701514,0.0,0.0,0.0,0.7535709623404254,0.0,1.0,0.0,0.0,0.0,0.0,0.0,0.0,0.0,736.3375307692306,354.1783523,286.4506663829849
117,382.0528543,396.6608949,0.0,0.0,0.0,87.66602269206226,0.0,0.0,0.0,0.8128784134042552,0.0,1.0,0.0,0.0,0.0,0.0,0.0,0.0,0.0,794.2886783783783,382.0528543,308.99487220793776
118,400.6073867,396.6608949,0.0,0.0,0.0,72.65957710923692,0.0,0.0,0.0,0.8523561419148935,0.0,1.0,0.0,0.0,0.0,0.0,0.0,0.0,0.0,832.8635898128898,400.6073867,324.0013177907631
119,414.5446376,396.6608949,0.0,0.0,0.0,61.387474277638034,0.0,0.0,0.0,0.8820098672340424,0.0,1.0,0.0,0.0,0.0,0.0,0.0,0.0,0.0,861.8391634095634,414.5446376,335.273420622362
120,404.0916982,396.6608949,0.0,0.0,0.0,69.84155239208678,0.0,0.0,0.8597695706382977,0.0,0.0,1.0,0.0,0.0,840.1074806652807,404.0916982,326.81934250791323,0.0,0.0,0.0,0.0,0.0
121,423.2554178,396.6608949,0.0,0.0,0.0,54.342411312038735,0.0,0.0,0.0,0.9005434421276594,0.0,1.0,0.0,0.0,0.0,0.0,0.0,0.0,0.0,879.9488935550935,423.2554178,342.3184835879613
122,444.1612943,396.6608949,0.0,0.0,0.0,37.43425694332416,0.0,0.0,0.0,0.9450240304255317,0.0,1.0,0.0,0.0,0.0,0.0,0.0,0.0,0.0,923.4122542619542,444.1612943,359.22663795667586
123,426.7397318,396.6608949,0.0,0.0,0.0,51.52438457295057,0.0,0.0,0.0,0.9079568761702127,0.0,1.0,0.0,0.0,0.0,0.0,0.0,0.0,0.0,887.1927896049897,426.7397318,345.13651032704945
124,412.8024807,396.6608949,0.0,0.0,0.0,62.79648756630456,0.0,0.0,0.0,0.8783031504255318,0.0,1.0,0.0,0.0,0.0,0.0,0.0,0.0,0.0,858.2172155925156,412.8024807,333.86440733369545
125,430.2240433,396.6608949,0.0,0.0,0.0,48.70635985580054,0.0,0.0,0.0,0.9153703048936169,0.0,1.0,0.0,0.0,0.0,0.0,0.0,0.0,0.0,894.4366804573805,430.2240433,347.9545350441995
126,451.1299199,396.6608949,0.0,0.0,0.0,31.798205406208353,0.0,0.0,0.0,0.9598508934042552,0.0,1.0,0.0,0.0,0.0,0.0,0.0,0.0,0.0,937.9000413721415,451.1299199,364.86268949379166
127,446.512641,396.6608949,0.0,0.0,0.0,35.53254605461939,0.0,0.0,0.0,0.9500268957446807,0.0,1.0,0.0,0.0,0.0,0.0,0.0,0.0,0.0,928.3007089397089,446.512641,361.12834884538063
128,436.8855768,396.6608949,0.0,0.0,0.0,43.31867679212394,0.0,0.0,0.9295437804255319,0.0,0.0,1.0,0.0,0.0,908.2860224532226,436.8855768,353.3422181078761,0.0,0.0,0.0,0.0,0.0
129,401.3612252,396.6608949,0.0,0.0,0.0,72.04989122847132,0.0,0.0,0.0,0.8539600536170212,0.0,1.0,0.0,0.0,0.0,0.0,0.0,0.0,0.0,834.4308216216216,401.3612252,324.6110036715287
130,326.6620243,396.6608949,0.0,0.0,0.0,132.4647520948322,0.0,0.0,0.6950255836170212,0.0,0.0,1.0,0.0,0.0,679.1310276507277,326.6620243,264.1961428051678,0.0,0.0,0.0,0.0,0.0
131,340.0834718,396.6608949,0.0,0.0,0.0,121.6098182592861,0.0,0.0,0.0,0.7235818548936169,0.0,1.0,0.0,0.0,0.0,0.0,0.0,0.0,0.0,707.0342449064449,340.0834718,275.0510766407139
132,311.7575129,396.6608949,0.0,0.0,0.0,144.5191512271272,0.0,0.0,0.0,0.6633138572340425,0.0,1.0,0.0,0.0,0.0,0.0,0.0,0.0,0.0,648.1445174636175,311.7575129,252.14174367287282
133,311.4263396,396.6608949,0.0,0.0,0.0,144.78699597782187,0.0,0.0,0.0,0.6626092331914892,0.0,1.0,0.0,0.0,0.0,0.0,0.0,0.0,0.0,647.4560074844076,311.4263396,251.87389892217814
134,323.8435229,396.6608949,0.0,0.0,0.0,134.74428611770077,0.0,0.0,0.0,0.6890287721276595,0.0,1.0,0.0,0.0,0.0,0.0,0.0,0.0,0.0,673.2713573804574,323.8435229,261.91660878229925
135,356.797806,396.6608949,0.0,0.0,0.0,108.09167933677378,0.0,0.0,0.0,0.7591442680851063,0.0,1.0,0.0,0.0,0.0,0.0,0.0,0.0,0.0,741.7833804573804,356.797806,288.56921556322624
136,359.9333208,396.6608949,0.0,0.0,0.0,105.55575273911165,0.0,0.0,0.0,0.7658155761702126,0.0,1.0,0.0,0.0,0.0,0.0,0.0,0.0,0.0,748.3021222453223,359.9333208,291.10514216088836
137,361.6754753,396.6608949,0.0,0.0,0.0,104.14674139150554,0.0,0.0,0.0,0.7695222878723403,0.0,1.0,0.0,0.0,0.0,0.0,0.0,0.0,0.0,751.9240650727652,361.6754753,292.5141535084945
138,355.1645864,396.6608949,0.0,0.0,0.0,109.41258683925565,0.0,0.0,0.0,0.7556693327659574,0.0,1.0,0.0,0.0,0.0,0.0,0.0,0.0,0.0,738.3879135135136,355.1645864,287.24830806074436
139,366.3734463,396.6608949,0.0,0.0,0.0,100.34713897408267,0.0,0.0,0.0,0.7795179708510638,0.0,1.0,0.0,0.0,0.0,0.0,0.0,0.0,0.0,761.6911565488566,366.3734463,296.31375592591735
140,364.6312917,396.6608949,0.0,0.0,0.0,101.75615040256616,0.0,0.0,0.0,0.7758112589361701,0.0,1.0,0.0,0.0,0.0,0.0,0.0,0.0,0.0,758.0692135135137,364.6312917,294.90474449743385
141,352.4361953,396.6608949,0.0,0.0,0.0,111.61924188655905,0.0,0.0,0.0,0.7498642453191489,0.0,1.0,0.0,0.0,0.0,0.0,0.0,0.0,0.0,732.7155827442828,352.4361953,285.04165301344096
142,357.0534765,396.6608949,0.0,0.0,0.0,107.88489937796521,0.0,0.0,0.0,0.7596882478723403,0.0,1.0,0.0,0.0,0.0,0.0,0.0,0.0,0.0,742.3149199584199,357.0534765,288.7759955220348
143,350.084851,396.6608949,0.0,0.0,0.0,113.5209508342034,0.0,0.0,0.0,0.7448613851063829,0.0,1.0,0.0,0.0,0.0,0.0,0.0,0.0,0.0,727.8271330561331,350.084851,283.1399440657966
144,339.6319139,396.6608949,0.0,0.0,0.0,121.97502708846923,0.0,0.0,0.0,0.7226210934042552,0.0,1.0,0.0,0.0,0.0,0.0,0.0,0.0,0.0,706.0954550935551,339.6319139,274.6858678115308
145,339.6319139,396.6608949,0.0,0.0,0.0,121.97502708846923,0.0,0.0,0.0,0.7226210934042552,0.0,1.0,0.0,0.0,0.0,0.0,0.0,0.0,0.0,706.0954550935551,339.6319139,274.6858678115308
146,336.1475999,396.6608949,0.0,0.0,0.0,124.79305382755729,0.0,0.0,0.0,0.715207659361702,0.0,1.0,0.0,0.0,0.0,0.0,0.0,0.0,0.0,698.8515590436591,336.1475999,271.86784107244273
147,308.2730979,396.6608949,0.0,0.0,0.0,147.33725965251014,0.0,0.0,0.0,0.6559002082978722,0.0,1.0,0.0,0.0,0.0,0.0,0.0,0.0,0.0,640.9004114345114,308.2730979,249.32363524748988
148,315.2417234,396.6608949,0.0,0.0,0.0,141.7012081962719,0.0,0.0,0.6707270710638297,0.0,0.0,1.0,0.0,0.0,655.3881983367984,315.2417234,254.95968670372812,0.0,0.0,0.0,0.0,0.0
149,316.9838804,396.6608949,0.0,0.0,0.0,140.2921948267279,0.0,0.0,0.0,0.6744337880851062,0.0,1.0,0.0,0.0,0.0,0.0,0.0,0.0,0.0,659.0101463617464,316.9838804,256.3687000732721
150,310.0152548,396.6608949,0.0,0.0,0.0,145.92824636384364,0.0,0.0,0.0,0.6596069251063827,0.0,1.0,0.0,0.0,0.0,0.0,0.0,0.0,0.0,644.5223592515592,310.0152548,250.73264853615638
151,323.6147762,587.1223702,0.0,0.0,0.0,325.39076607488096,0.0,0.0,0.0,0.6885420770212766,0.0,1.0,0.0,0.0,0.0,0.0,0.0,0.0,0.0,672.7957925155924,323.6147762,261.731604125119
152,421.0917485,781.293796,0.0,0.0,0.0,440.72523447473,0.0,0.0,0.8959398904255318,0.0,0.0,1.0,0.0,0.0,875.4506205821207,421.0917485,340.56856152527007,0.0,0.0,0.0,0.0,0.0
153,388.4932398,781.293796,0.0,0.0,0.0,467.0900997454823,0.0,0.0,0.8265813612765956,0.0,0.0,1.0,0.0,0.0,807.6782532224532,388.4932398,314.20369625451775,0.0,0.0,0.0,0.0,0.0
154,366.8639963,791.3176496,0.0,0.0,0.0,494.6071490015704,0.0,0.0,0.0,0.7805616942553191,0.0,1.0,0.0,0.0,0.0,0.0,0.0,0.0,0.0,762.7110110187111,366.8639963,296.7105005984296
155,363.3020447,791.3176496,0.0,0.0,0.0,497.48796710583355,0.0,0.0,0.7729830738297871,0.0,0.0,1.0,0.0,0.0,755.3057062370063,363.3020447,293.82968249416643,0.0,0.0,0.0,0.0,0.0
156,371.3088048,791.3176496,0.0,0.0,0.0,491.0122981347639,0.0,0.0,0.7900187336170212,0.0,0.0,1.0,0.0,0.0,771.9517771309771,371.3088048,300.3053514652361,0.0,0.0,0.0,0.0,0.0
157,362.1603162,791.3176496,0.0,0.0,0.0,498.41136879746614,0.0,0.0,0.7705538642553191,0.0,0.0,1.0,0.0,0.0,752.9320503118504,362.1603162,292.90628080253384,0.0,0.0,0.0,0.0,0.0
158,368.678828,791.3176496,0.0,0.0,0.0,493.1393581372727,0.0,0.0,0.0,0.7844230382978722,0.0,1.0,0.0,0.0,0.0,0.0,0.0,0.0,0.0,766.4840498960499,368.678828,298.17829146272726
159,378.2613376,779.3760622,0.0,0.0,0.0,473.4476746551261,0.0,0.0,0.8048113565957445,0.0,0.0,1.0,0.0,0.0,786.4061072765073,378.2613376,305.9283875448739,0.0,0.0,0.0,0.0,0.0
160,379.3416029,779.3760622,0.0,0.0,0.0,472.5739828751348,0.0,0.0,0.0,0.8071097934042551,0.0,1.0,0.0,0.0,0.0,0.0,0.0,0.0,0.0,788.6519810810811,379.3416029,306.8020793248652
161,374.7201866,779.3760622,0.0,0.0,0.0,476.3116697500426,0.0,0.0,0.7972769927659573,0.0,0.0,1.0,0.0,0.0,779.0440469854469,374.7201866,303.0643924499574,0.0,0.0,0.0,0.0,0.0
162,385.7629064,714.0545666,0.0,0.0,0.0,402.0590962768493,0.0,0.0,0.0,0.8207721412765956,0.0,1.0,0.0,0.0,0.0,0.0,0.0,0.0,0.0,802.0018844074845,385.7629064,311.99547032315076
163,269.3108426,585.2046364,0.0,0.0,0.0,367.3927068284558,0.0,0.0,0.5730017927659573,0.0,0.0,1.0,0.0,0.0,559.8978016632017,269.3108426,217.81192957154423,0.0,0.0,0.0,0.0,0.0
164,273.1409495,585.2046364,0.0,0.0,0.0,364.29501136881413,0.0,0.0,0.0,0.5811509563829786,0.0,1.0,0.0,0.0,0.0,0.0,0.0,0.0,0.0,567.8606018711018,273.1409495,220.90962503118587
165,278.8861098,585.2046364,0.0,0.0,0.0,359.6484682197905,0.0,0.0,0.5933747017021276,0.0,0.0,1.0,0.0,0.0,579.804802079002,278.8861098,225.55616818020954,0.0,0.0,0.0,0.0,0.0
166,270.9037174,396.6608949,0.0,0.0,0.0,177.56068769951082,0.0,0.0,0.0,0.5763908880851063,0.0,1.0,0.0,0.0,0.0,0.0,0.0,0.0,0.0,563.2093916839917,270.9037174,219.1002072004892
167,269.3167901,396.6608949,0.0,0.0,0.0,178.8441551379762,0.0,0.0,0.0,0.5730144470212766,0.0,1.0,0.0,0.0,0.0,0.0,0.0,0.0,0.0,559.9101665280665,269.3167901,217.81673976202381
