k,Q_D,P_D,E_TES,Qin_TES,Qout_TES,Pgrid,Qin_B1,Qout_B1,Qin_CHP1,Qout_CHP1,Pout_CHP1,Qin_B2,Qout_B2,Qin_CHP2,Qout_CHP2,Pout_CHP2
0,320.468192,396.6608949,0.0,0.0,0.0,163.7826825771649,0.0,0.0,0.0,0.0,0.0,0.0,0.0,644.0283373733781,320.468192,232.8782123228351
1,339.6319139,396.6608949,0.0,0.0,0.0,149.85676603090135,0.0,0.0,682.54067732237,339.6319139,246.80412886909866,0.0,0.0,0.0,0.0,0.0
2,355.3113195,396.6608949,0.0,0.0,0.0,138.4628366564296,0.0,0.0,0.0,0.0,0.0,0.0,0.0,714.0507671585896,355.3113195,258.1980582435704
3,357.0534765,396.6608949,0.0,0.0,0.0,137.1968439062171,0.0,0.0,0.0,0.0,0.0,0.0,0.0,717.5518899038802,357.0534765,259.4640509937829
4,357.0534765,396.6608949,0.0,0.0,0.0,137.1968439062171,0.0,0.0,717.5518899038802,357.0534765,259.4640509937829,0.0,0.0,0.0,0.0,0.0
5,353.569165,396.6608949,0.0,0.0,0.0,139.7288275899391,0.0,0.0,0.0,0.0,0.0,0.0,0.0,710.5496494374194,353.569165,256.9320673100609
6,355.3113195,396.6608949,0.0,0.0,0.0,138.4628366564296,0.0,0.0,714.0507671585896,355.3113195,258.1980582435704,0.0,0.0,0.0,0.0,0.0
7,383.7054617,587.1223702,0.0,0.0,0.0,308.2908224524966,0.0,0.0,0.0,0.0,0.0,0.0,0.0,771.1130049990591,383.7054617,278.83154774750335
8,506.9542607,781.293796,0.0,0.0,0.0,412.89966232803636,0.0,0.0,977.1309771309772,486.21990589028024,353.326867708311,0.0,0.0,41.668759608484116,20.734354809719775,15.067265963652703
9,497.295584,781.293796,0.0,0.0,0.0,419.91844116303605,0.0,0.0,22.258216997353504,11.075678109719775,8.048487128653,0.0,0.0,977.1309771309772,486.21990589028024,353.326867708311
10,487.2668116,791.3176496,0.0,0.0,0.0,437.23001518773447,0.0,0.0,977.1309771309772,486.21990589028024,353.326867708311,0.0,0.0,2.103912214843148,1.0469057097197378,0.7607667039545114
11,472.8077301,791.3176496,0.0,0.0,0.0,447.7371579732194,0.0,0.0,0.0,0.0,0.0,0.0,0.0,950.1772216868997,472.8077301,343.5804916267806
12,449.1472223,791.3176496,0.0,0.0,0.0,464.93080432148,0.0,0.0,902.6279238775126,449.1472223,326.38684527851996,0.0,0.0,0.0,0.0,0.0
13,455.6758214,791.3176496,0.0,0.0,0.0,460.18659405246063,0.0,0.0,915.7481115551412,455.6758214,331.13105554753935,0.0,0.0,0.0,0.0,0.0
14,473.1244571,791.3176496,0.0,0.0,0.0,447.50699841481185,0.0,0.0,0.0,0.0,0.0,0.0,0.0,950.8137315443623,473.1244571,343.81065118518814
15,481.4872323,779.3760622,0.0,0.0,0.0,429.4883394449952,0.0,0.0,967.619967989455,481.4872323,349.8877227550048,0.0,0.0,0.0,0.0,0.0
16,486.1668577,779.3760622,0.0,0.0,0.0,426.0877436145905,0.0,0.0,977.0243689288537,486.1668577,353.28831858540946,0.0,0.0,0.0,0.0,0.0
17,488.5970503,779.3760622,0.0,0.0,0.0,424.32176832463665,0.0,0.0,4.777224074357496,2.377144409719733,1.7274261670523376,0.0,0.0,977.1309771309772,486.21990589028024,353.326867708311
18,498.1615104,714.0545666,0.0,0.0,0.0,352.04995932217247,0.0,0.0,23.99842446131205,11.941604509719753,8.677739569516596,0.0,0.0,977.1309771309772,486.21990589028024,353.326867708311
19,371.1083804,585.2046364,0.0,0.0,0.0,315.5271508866338,0.0,0.0,0.0,0.0,0.0,0.0,0.0,745.79730276114,371.1083804,269.6774855133662
20,373.1786634,585.2046364,0.0,0.0,0.0,314.0227151389439,0.0,0.0,0.0,0.0,0.0,0.0,0.0,749.9578433441579,373.1786634,271.1819212610561
21,375.2489441,585.2046364,0.0,0.0,0.0,312.51828106262076,0.0,0.0,0.0,0.0,0.0,0.0,0.0,754.118379304985,375.2489441,272.68635533737927
22,348.3426941,396.6608949,0.0,0.0,0.0,143.5268057679085,0.0,0.0,700.0462814025121,348.3426941,253.1340891320915,0.0,0.0,0.0,0.0,0.0
23,350.084851,396.6608949,0.0,0.0,0.0,142.26081309036414,0.0,0.0,703.547403946838,350.084851,254.40008180963588,0.0,0.0,0.0,0.0,0.0
24,350.084851,396.6608949,0.0,0.0,0.0,142.26081309036414,0.0,0.0,703.547403946838,350.084851,254.40008180963588,0.0,0.0,0.0,0.0,0.0
25,353.569165,396.6608949,0.0,0.0,0.0,139.7288275899391,0.0,0.0,0.0,0.0,0.0,0.0,0.0,710.5496494374194,353.569165,256.9320673100609
26,355.3113195,396.6608949,0.0,0.0,0.0,138.4628366564296,0.0,0.0,0.0,0.0,0.0,0.0,0.0,714.0507671585896,355.3113195,258.1980582435704
27,357.0534765,396.6608949,0.0,0.0,0.0,137.1968439062171,0.0,0.0,0.0,0.0,0.0,0.0,0.0,717.5518899038802,357.0534765,259.4640509937829
28,362.279945,396.6608949,0.0,0.0,0.0,133.39886747228252,0.0,0.0,728.0552531156318,362.279945,263.2620274277175,0.0,0.0,0.0,0.0,0.0
29,364.022102,396.6608949,0.0,0.0,0.0,132.13287472207003,0.0,0.0,731.5563758609226,364.022102,264.52802017793,0.0,0.0,0.0,0.0,0.0
30,364.022102,396.6608949,0.0,0.0,0.0,132.13287472207003,0.0,0.0,731.5563758609226,364.022102,264.52802017793,0.0,0.0,0.0,0.0,0.0
31,398.210111,587.1223702,0.0,0.0,0.0,297.7505664031422,0.0,0.0,0.0,0.0,0.0,0.0,0.0,800.2622479069572,398.210111,289.37180379685776
32,525.2319391,781.293796,0.0,0.0,0.0,399.6176169411304,0.0,0.0,977.1309771309772,486.21990589028024,353.326867708311,0.0,0.0,78.40046379894954,39.01203320971973,28.349311350558644
33,518.7740505,781.293796,0.0,0.0,0.0,404.31044321871616,0.0,0.0,977.1309771309772,486.21990589028024,353.326867708311,0.0,0.0,65.42237935305093,32.5541446097198,23.656485072972878
34,513.0255398,791.3176496,0.0,0.0,0.0,418.5116315082528,0.0,0.0,977.1309771309772,486.21990589028024,353.326867708311,0.0,0.0,53.86989495393131,26.805633909719802,19.479150383436235
35,505.2914575,791.3176496,0.0,0.0,0.0,424.1318437631454,0.0,0.0,977.1309771309772,486.21990589028024,353.326867708311,0.0,0.0,38.327110087538344,19.071551609719734,13.858938128543565
36,489.3713909,791.3176496,0.0,0.0,0.0,435.7006569633911,0.0,0.0,977.1309771309772,486.21990589028024,353.326867708311,0.0,0.0,6.333376296724434,3.1514850097197495,2.2901249282978697
37,482.3716511,791.3176496,0.0,0.0,0.0,440.7872363245934,0.0,0.0,969.3973386724891,482.3716511,350.5304132754066,0.0,0.0,0.0,0.0,0.0
38,493.9611443,791.3176496,0.0,0.0,0.0,432.36536942635325,0.0,0.0,15.557166129681752,7.741238409719756,5.625412465335729,0.0,0.0,977.1309771309772,486.21990589028024,353.326867708311
39,505.3895853,779.3760622,0.0,0.0,0.0,412.1189487350761,0.0,0.0,977.1309771309772,486.21990589028024,353.326867708311,0.0,0.0,38.524312447902815,19.169679409719777,13.930245756612884
40,516.1118787,779.3760622,0.0,0.0,0.0,404.3272596335476,0.0,0.0,60.07235048604781,29.89197280971979,21.721934858141363,0.0,0.0,977.1309771309772,486.21990589028024,353.326867708311
41,528.6186163,779.3760622,0.0,0.0,0.0,395.2388484683023,0.0,0.0,977.1309771309772,486.21990589028024,353.326867708311,0.0,0.0,85.20649366645145,42.39871040971974,30.81034602338666
42,531.5059581,714.0545666,0.0,0.0,0.0,327.8191758462627,0.0,0.0,91.00903502719495,45.2860522097198,32.90852304542637,0.0,0.0,977.1309771309772,486.21990589028024,353.326867708311
43,402.1626028,585.2046364,0.0,0.0,0.0,292.9606310942803,0.0,0.0,808.2053660883582,402.1626028,292.2440053057197,0.0,0.0,0.0,0.0,0.0
44,402.1626028,585.2046364,0.0,0.0,0.0,292.9606310942803,0.0,0.0,0.0,0.0,0.0,0.0,0.0,808.2053660883582,402.1626028,292.2440053057197
45,398.0220389,585.2046364,0.0,0.0,0.0,295.9695010636296,0.0,0.0,799.8842891425837,398.0220389,289.23513533637043,0.0,0.0,0.0,0.0,0.0
46,370.9907276,396.6608949,0.0,0.0,0.0,127.06890546525483,0.0,0.0,0.0,0.0,0.0,0.0,0.0,745.5608620189296,370.9907276,269.5919894347452
47,377.9593531,396.6608949,0.0,0.0,0.0,122.0049362811078,0.0,0.0,759.5653479759718,377.9593531,274.6559586188922,0.0,0.0,0.0,0.0,0.0
48,381.4436671,396.6608949,0.0,0.0,0.0,119.47295078068271,0.0,0.0,0.0,0.0,0.0,0.0,0.0,766.5675934665534,381.4436671,277.1879441193173
49,386.6701356,396.6608949,0.0,0.0,0.0,115.67497434674823,0.0,0.0,0.0,0.0,0.0,0.0,0.0,777.0709566783048,386.6701356,280.9859205532518
50,384.9279786,396.6608949,0.0,0.0,0.0,116.94096709696072,0.0,0.0,0.0,0.0,0.0,0.0,0.0,773.5698339330141,384.9279786,279.7199278030393
51,384.9279786,396.6608949,0.0,0.0,0.0,116.94096709696072,0.0,0.0,773.5698339330141,384.9279786,279.7199278030393,0.0,0.0,0.0,0.0,0.0
52,381.4436671,396.6608949,0.0,0.0,0.0,119.47295078068271,0.0,0.0,766.5675934665534,381.4436671,277.1879441193173,0.0,0.0,0.0,0.0,0.0
53,381.4436671,396.6608949,0.0,0.0,0.0,119.47295078068271,0.0,0.0,766.5675934665534,381.4436671,277.1879441193173,0.0,0.0,0.0,0.0,0.0
54,383.1858216,396.6608949,0.0,0.0,0.0,118.20695984717327,0.0,0.0,0.0,0.0,0.0,0.0,0.0,770.0687111877234,383.1858216,278.45393505282675
55,421.0031304,587.1223702,0.0,0.0,0.0,281.18730757178935,0.0,0.0,0.0,0.0,0.0,0.0,0.0,846.0681991818379,421.0031304,305.93506262821063
56,549.5079332,781.293796,0.0,0.0,0.0,381.97670826596396,0.0,0.0,977.1309771309772,486.21990589028024,353.326867708311,0.0,0.0,127.18667256661709,63.28802730971978,45.99022002572508
57,524.1485906,781.293796,0.0,0.0,0.0,400.40486593588435,0.0,0.0,76.22331439483362,37.92868470971979,27.562062355804706,0.0,0.0,977.1309771309772,486.21990589028024,353.326867708311
58,508.9603391,791.3176496,0.0,0.0,0.0,421.4657364565203,0.0,0.0,45.70027153024337,22.740433209719754,16.525045435168703,0.0,0.0,977.1309771309772,486.21990589028024,353.326867708311
59,495.7810111,791.3176496,0.0,0.0,0.0,431.0429064249404,0.0,0.0,19.21445823761429,9.561105209719756,6.947875466748608,0.0,0.0,977.1309771309772,486.21990589028024,353.326867708311
60,476.4819936,791.3176496,0.0,0.0,0.0,445.0671397410104,0.0,0.0,957.5611988554565,476.4819936,346.2505098589896,0.0,0.0,0.0,0.0,0.0
61,482.171696,791.3176496,0.0,0.0,0.0,440.9325399378545,0.0,0.0,968.995499258104,482.171696,350.3851096621455,0.0,0.0,0.0,0.0,0.0
62,495.1631036,791.3176496,0.0,0.0,0.0,431.49192819238266,0.0,0.0,17.9726815190202,8.943197709719755,6.498853699306325,0.0,0.0,977.1309771309772,486.21990589028024,353.326867708311
63,515.3563626,779.3760622,0.0,0.0,0.0,404.87627898442634,0.0,0.0,58.55402888693624,29.136456709719766,21.172915507262616,0.0,0.0,977.1309771309772,486.21990589028024,353.326867708311
64,518.6132248,779.3760622,0.0,0.0,0.0,402.50957843238587,0.0,0.0,977.1309771309772,486.21990589028024,353.326867708311,0.0,0.0,65.09917626842801,32.39331890971977,23.539616059303103
65,518.6132248,779.3760622,0.0,0.0,0.0,402.50957843238587,0.0,0.0,977.1309771309772,486.21990589028024,353.326867708311,0.0,0.0,65.09917626842801,32.39331890971977,23.539616059303103
66,526.7424659,714.0545666,0.0,0.0,0.0,331.2807161040546,0.0,0.0,81.4360913209531,40.52256000971971,29.446982787634457,0.0,0.0,977.1309771309772,486.21990589028024,353.326867708311
67,391.8111945,585.2046364,0.0,0.0,0.0,300.4828049639658,0.0,0.0,0.0,0.0,0.0,0.0,0.0,787.402676637912,391.8111945,284.7218314360342
68,389.7409138,585.2046364,0.0,0.0,0.0,301.98723904028896,0.0,0.0,783.242140677085,389.7409138,283.2173973597111,0.0,0.0,0.0,0.0,0.0
69,389.7409138,585.2046364,0.0,0.0,0.0,301.98723904028896,0.0,0.0,783.242140677085,389.7409138,283.2173973597111,0.0,0.0,0.0,0.0,0.0
70,357.0534765,396.6608949,0.0,0.0,0.0,137.1968439062171,0.0,0.0,717.5518899038802,357.0534765,259.4640509937829,0.0,0.0,0.0,0.0,0.0
71,357.0534765,396.6608949,0.0,0.0,0.0,137.1968439062171,0.0,0.0,717.5518899038802,357.0534765,259.4640509937829,0.0,0.0,0.0,0.0,0.0
72,360.5377905,396.6608949,0.0,0.0,0.0,134.66485840579202,0.0,0.0,0.0,0.0,0.0,0.0,0.0,724.5541353944617,360.5377905,261.996036494208
73,357.0534765,396.6608949,0.0,0.0,0.0,137.1968439062171,0.0,0.0,717.5518899038802,357.0534765,259.4640509937829,0.0,0.0,0.0,0.0,0.0
74,364.022102,396.6608949,0.0,0.0,0.0,132.13287472207003,0.0,0.0,0.0,0.0,0.0,0.0,0.0,731.5563758609226,364.022102,264.52802017793
75,353.569165,396.6608949,0.0,0.0,0.0,139.7288275899391,0.0,0.0,710.5496494374194,353.569165,256.9320673100609,0.0,0.0,0.0,0.0,0.0
76,358.7956335,396.6608949,0.0,0.0,0.0,135.93085115600456,0.0,0.0,721.0530126491709,358.7956335,260.73004374399545,0.0,0.0,0.0,0.0,0.0
77,365.764259,396.6608949,0.0,0.0,0.0,130.86688197185754,0.0,0.0,0.0,0.0,0.0,0.0,0.0,735.0574986062131,365.764259,265.7940129281425
78,381.4436671,396.6608949,0.0,0.0,0.0,119.47295078068271,0.0,0.0,766.5675934665534,381.4436671,277.1879441193173,0.0,0.0,0.0,0.0,0.0
79,410.6426673,587.1223702,0.0,0.0,0.0,288.716061394461,0.0,0.0,0.0,0.0,0.0,0.0,0.0,825.2473127685269,410.6426673,298.40630880553897
80,541.2815198,781.293796,0.0,0.0,0.0,387.95468827847213,0.0,0.0,977.1309771309772,486.21990589028024,353.326867708311,0.0,0.0,110.65447537261875,55.06161390971971,40.01224001321691
81,510.2371802,781.293796,0.0,0.0,0.0,410.5140264258006,0.0,0.0,48.26627299700674,24.017274309719767,17.452901865888435,0.0,0.0,977.1309771309772,486.21990589028024,353.326867708311
82,470.167779,791.3176496,0.0,0.0,0.0,449.65556082297144,0.0,0.0,944.8718486104976,470.167779,341.66208877702854,0.0,0.0,0.0,0.0,0.0
83,453.1732935,791.3176496,0.0,0.0,0.0,462.00513404547195,0.0,0.0,0.0,0.0,0.0,0.0,0.0,910.7189107704734,453.1732935,329.31251555452803
84,456.6195372,791.3176496,0.0,0.0,0.0,459.50081351657263,0.0,0.0,0.0,0.0,0.0,0.0,0.0,917.6446483497414,456.6195372,331.81683608342735
85,462.0876488,791.3176496,0.0,0.0,0.0,455.5272395832515,0.0,0.0,0.0,0.0,0.0,0.0,0.0,928.6336291916219,462.0876488,335.79041001674847
86,460.9349327,791.3176496,0.0,0.0,0.0,456.3648967092472,0.0,0.0,0.0,0.0,0.0,0.0,0.0,926.3170753123946,460.9349327,334.9527528907528
87,488.5970503,779.3760622,0.0,0.0,0.0,424.32176832463665,0.0,0.0,977.1309771309772,486.21990589028024,353.326867708311,0.0,0.0,4.777224074357496,2.377144409719733,1.7274261670523376
88,503.6051387,779.3760622,0.0,0.0,0.0,413.41567254282785,0.0,0.0,977.1309771309772,486.21990589028024,353.326867708311,0.0,0.0,34.93820248248824,17.385232809719753,12.633521948861109
89,516.1118787,779.3760622,0.0,0.0,0.0,404.3272596335476,0.0,0.0,60.07235048604781,29.89197280971979,21.721934858141363,0.0,0.0,977.1309771309772,486.21990589028024,353.326867708311
90,536.2694503,714.0545666,0.0,0.0,0.0,324.3576355884708,0.0,0.0,977.1309771309772,486.21990589028024,353.326867708311,0.0,0.0,100.5819787334366,50.04954440971977,36.37006330321821
91,404.2328834,585.2046364,0.0,0.0,0.0,291.45619709062527,0.0,0.0,0.0,0.0,0.0,0.0,0.0,812.3659018482203,404.2328834,293.74843930937476
92,418.7248531,585.2046364,0.0,0.0,0.0,280.92515506829346,0.0,0.0,0.0,0.0,0.0,0.0,0.0,841.4896632203205,418.7248531,304.27948133170656
93,414.5842893,585.2046364,0.0,0.0,0.0,283.93402496497464,0.0,0.0,0.0,0.0,0.0,0.0,0.0,833.1685864755109,414.5842893,301.2706114350254
94,372.7328846,396.6608949,0.0,0.0,0.0,125.80291271504234,0.0,0.0,0.0,0.0,0.0,0.0,0.0,749.0619847642203,372.7328846,270.8579821849577
95,367.506416,396.6608949,0.0,0.0,0.0,129.600889221645,0.0,0.0,0.0,0.0,0.0,0.0,0.0,738.5586213515039,367.506416,267.060005678355
96,372.7328846,396.6608949,0.0,0.0,0.0,125.80291271504234,0.0,0.0,0.0,0.0,0.0,0.0,0.0,749.0619847642203,372.7328846,270.8579821849577
97,365.764259,396.6608949,0.0,0.0,0.0,130.86688197185754,0.0,0.0,0.0,0.0,0.0,0.0,0.0,735.0574986062131,365.764259,265.7940129281425
98,377.9593531,396.6608949,0.0,0.0,0.0,122.0049362811078,0.0,0.0,759.5653479759718,377.9593531,274.6559586188922,0.0,0.0,0.0,0.0,0.0
99,360.5377905,396.6608949,0.0,0.0,0.0,134.66485840579202,0.0,0.0,724.5541353944617,360.5377905,261.996036494208,0.0,0.0,0.0,0.0,0.0
100,362.279945,396.6608949,0.0,0.0,0.0,133.39886747228252,0.0,0.0,728.0552531156318,362.279945,263.2620274277175,0.0,0.0,0.0,0.0,0.0
101,346.6005395,396.6608949,0.0,0.0,0.0,144.79279677408616,0.0,0.0,0.0,0.0,0.0,0.0,0.0,696.5451634803771,346.6005395,251.86809812591386
102,353.569165,396.6608949,0.0,0.0,0.0,139.7288275899391,0.0,0.0,0.0,0.0,0.0,0.0,0.0,710.5496494374194,353.569165,256.9320673100609
103,352.4361953,396.6608949,0.0,0.0,0.0,140.55213537816394,0.0,0.0,0.0,0.0,0.0,0.0,0.0,708.2727788761582,352.4361953,256.1087595218361
104,348.135434,396.6608949,0.0,0.0,0.0,143.67741778738116,0.0,0.0,699.6297615077486,348.135434,252.98347711261886,0.0,0.0,0.0,0.0,0.0
105,312.5361524,396.6608949,0.0,0.0,0.0,169.54674668160476,0.0,0.0,0.0,0.0,0.0,0.0,0.0,628.08772796785,312.5361524,227.11414821839526
106,300.9302561,396.6608949,0.0,0.0,0.0,177.98053340433884,0.0,0.0,0.0,0.0,0.0,0.0,0.0,604.7639589186683,300.9302561,218.68036149566117
107,267.7250826,396.6608949,0.0,0.0,0.0,202.11010893659503,0.0,0.0,0.0,0.0,0.0,0.0,0.0,538.033240503408,267.7250826,194.550785963405
108,253.5148143,396.6608949,0.0,0.0,0.0,212.43644384577644,0.0,0.0,509.4755998534473,253.5148143,184.22445105422358,0.0,0.0,0.0,0.0,0.0
109,249.9992176,396.6608949,0.0,0.0,0.0,214.9911618963718,0.0,0.0,502.4104871399324,249.9992176,181.6697330036282,0.0,0.0,0.0,0.0,0.0
110,287.3005279,396.6608949,0.0,0.0,0.0,187.8850007333839,0.0,0.0,577.3729996577347,287.3005279,208.77589416661613,0.0,0.0,0.0,0.0,0.0
111,308.5140356,396.6608949,0.0,0.0,0.0,172.4695433694509,0.0,0.0,0.0,0.0,0.0,0.0,0.0,620.0046880278815,308.5140356,224.19135153054913
112,328.5745047,396.6608949,0.0,0.0,0.0,157.89197748620256,0.0,0.0,0.0,0.0,0.0,0.0,0.0,660.3191744072442,328.5745047,238.76891741379745
113,332.0588187,396.6608949,0.0,0.0,0.0,155.3599919857775,0.0,0.0,0.0,0.0,0.0,0.0,0.0,667.3214198978256,332.0588187,241.30090291422252
114,339.4851783,396.6608949,0.0,0.0,0.0,149.9633960337071,0.0,0.0,0.0,0.0,0.0,0.0,0.0,682.2457903823847,339.4851783,246.6974988662929
115,350.6940407,396.6608949,0.0,0.0,0.0,141.81812638434158,0.0,0.0,0.0,0.0,0.0,0.0,0.0,704.7716609540232,350.6940407,254.84276851565843
116,354.1783523,396.6608949,0.0,0.0,0.0,139.28614262795145,0.0,0.0,0.0,0.0,0.0,0.0,0.0,711.7739016214488,354.1783523,257.37475227204857
117,382.0528543,396.6608949,0.0,0.0,0.0,119.03026589136323,0.0,0.0,0.0,0.0,0.0,0.0,0.0,767.7918454496179,382.0528543,277.6306290086368
118,400.6073867,396.6608949,0.0,0.0,0.0,105.54703590578595,0.0,0.0,0.0,0.0,0.0,0.0,0.0,805.0799287933543,400.6073867,291.11385899421407
119,414.5446376,396.6608949,0.0,0.0,0.0,95.41909761015995,0.0,0.0,0.0,0.0,0.0,0.0,0.0,833.0889005064739,414.5446376,301.24179728984006
120,404.0916982,396.6608949,0.0,0.0,0.0,103.01505222206396,0.0,0.0,812.082169259815,404.0916982,293.64584267793606,0.0,0.0,0.0,0.0,0.0
121,423.2554178,396.6608949,0.0,0.0,0.0,89.0891373471672,0.0,0.0,850.5945045866159,423.2554178,307.5717575528328,0.0,0.0,0.0,0.0,0.0
122,444.1612943,396.6608949,0.0,0.0,0.0,73.897229794726,0.0,0.0,892.6079624577428,444.1612943,322.763665105274,0.0,0.0,0.0,0.0,0.0
123,426.7397318,396.6608949,0.0,0.0,0.0,86.5571518467421,0.0,0.0,0.0,0.0,0.0,0.0,0.0,857.5967500771974,426.7397318,310.1037430532579
124,412.8024807,396.6608949,0.0,0.0,0.0,96.68509028770438,0.0,0.0,0.0,0.0,0.0,0.0,0.0,829.587777962148,412.8024807,299.97580461229563
125,430.2240433,396.6608949,0.0,0.0,0.0,84.02516816302011,0.0,0.0,0.0,0.0,0.0,0.0,0.0,864.5989905436583,430.2240433,312.6357267369799
126,451.1299199,396.6608949,0.0,0.0,0.0,68.8332605379108,0.0,0.0,906.6124486157498,451.1299199,327.8276343620892,0.0,0.0,0.0,0.0,0.0
127,446.512641,396.6608949,0.0,0.0,0.0,72.18855033849093,0.0,0.0,0.0,0.0,0.0,0.0,0.0,897.3333422102187,446.512641,324.4723445615091
128,436.8855768,396.6608949,0.0,0.0,0.0,79.18435696385848,0.0,0.0,0.0,0.0,0.0,0.0,0.0,877.9863296040105,436.8855768,317.47653793614154
129,401.3612252,396.6608949,0.0,0.0,0.0,104.99923563529882,0.0,0.0,0.0,0.0,0.0,0.0,0.0,806.5948790065817,401.3612252,291.6616592647012
130,326.6620243,396.6608949,0.0,0.0,0.0,159.28174105017732,0.0,0.0,656.475761541261,326.6620243,237.3791538498227,0.0,0.0,0.0,0.0,0.0
131,340.0834718,396.6608949,0.0,0.0,0.0,149.52862739144396,0.0,0.0,683.4481498604396,340.0834718,247.13226750855605,0.0,0.0,0.0,0.0,0.0
132,311.7575129,396.6608949,0.0,0.0,0.0,170.11256937268774,0.0,0.0,626.5229364686729,311.7575129,226.54832552731227,0.0,0.0,0.0,0.0,0.0
133,311.4263396,396.6608949,0.0,0.0,0.0,170.3532267858049,0.0,0.0,0.0,0.0,0.0,0.0,0.0,625.8573946298703,311.4263396,226.3076681141951
134,323.8435229,396.6608949,0.0,0.0,0.0,161.32989304730722,0.0,0.0,0.0,0.0,0.0,0.0,0.0,650.8115651690777,323.8435229,235.3310018526928
135,356.797806,396.6608949,0.0,0.0,0.0,137.38263485355606,0.0,0.0,0.0,0.0,0.0,0.0,0.0,717.0380821340582,356.797806,259.27826004644396
136,359.9333208,396.6608949,0.0,0.0,0.0,135.1041151765212,0.0,0.0,723.3393639269595,359.9333208,261.5567797234788,0.0,0.0,0.0,0.0,0.0
137,361.6754753,396.6608949,0.0,0.0,0.0,133.83812424301163,0.0,0.0,726.8404816481298,361.6754753,262.8227706569884,0.0,0.0,0.0,0.0,0.0
138,355.1645864,396.6608949,0.0,0.0,0.0,138.56946484253234,0.0,0.0,713.7558852427248,355.1645864,258.0914300574677,0.0,0.0,0.0,0.0,0.0
139,366.3734463,396.6608949,0.0,0.0,0.0,130.42419700986983,0.0,0.0,0.0,0.0,0.0,0.0,0.0,736.2817507902427,366.3734463,266.2366978901302
140,364.6312917,396.6608949,0.0,0.0,0.0,131.69018801604744,0.0,0.0,0.0,0.0,0.0,0.0,0.0,732.7806328681078,364.6312917,264.9707068839526
141,352.4361953,396.6608949,0.0,0.0,0.0,140.55213537816394,0.0,0.0,0.0,0.0,0.0,0.0,0.0,708.2727788761582,352.4361953,256.1087595218361
142,357.0534765,396.6608949,0.0,0.0,0.0,137.1968439062171,0.0,0.0,717.5518899038802,357.0534765,259.4640509937829,0.0,0.0,0.0,0.0,0.0
143,350.084851,396.6608949,0.0,0.0,0.0,142.26081309036414,0.0,0.0,703.547403946838,350.084851,254.40008180963588,0.0,0.0,0.0,0.0,0.0
144,339.6319139,396.6608949,0.0,0.0,0.0,149.85676603090135,0.0,0.0,0.0,0.0,0.0,0.0,0.0,682.54067732237,339.6319139,246.80412886909866
145,339.6319139,396.6608949,0.0,0.0,0.0,149.85676603090135,0.0,0.0,0.0,0.0,0.0,0.0,0.0,682.54067732237,339.6319139,246.80412886909866
146,336.1475999,396.6608949,0.0,0.0,0.0,152.3887515313264,0.0,0.0,0.0,0.0,0.0,0.0,0.0,675.5384318317886,336.1475999,244.27214336867362
147,308.2730979,396.6608949,0.0,0.0,0.0,172.64462826791464,0.0,0.0,0.0,0.0,0.0,0.0,0.0,619.5204880036194,308.2730979,224.01626663208538
148,315.2417234,396.6608949,0.0,0.0,0.0,167.58065908376756,0.0,0.0,633.5249739606618,315.2417234,229.08023581623246,0.0,0.0,0.0,0.0,0.0
149,316.9838804,396.6608949,0.0,0.0,0.0,166.31466633355507,0.0,0.0,0.0,0.0,0.0,0.0,0.0,637.0260967059525,316.9838804,230.34622856644495
150,310.0152548,396.6608949,0.0,0.0,0.0,171.37863559037024,0.0,0.0,0.0,0.0,0.0,0.0,0.0,623.0216105479453,310.0152548,225.28225930962978
151,323.6147762,587.1223702,0.0,0.0,0.0,351.95759427518567,0.0,0.0,0.0,0.0,0.0,0.0,0.0,650.3518647664847,323.6147762,235.1647759248143
152,421.0917485,781.293796,0.0,0.0,0.0,475.294336263987,0.0,0.0,0.0,0.0,0.0,0.0,0.0,846.2462903903539,421.0917485,305.999459736013
153,388.4932398,781.293796,0.0,0.0,0.0,498.98305988759824,0.0,0.0,780.734754821443,388.4932398,282.3107361124018,0.0,0.0,0.0,0.0,0.0
154,366.8639963,791.3176496,0.0,0.0,0.0,524.7244782441508,0.0,0.0,737.2675837333715,366.8639963,266.5931713558492,0.0,0.0,0.0,0.0,0.0
155,363.3020447,791.3176496,0.0,0.0,0.0,527.312881529393,0.0,0.0,730.109313976751,363.3020447,264.00476807060693,0.0,0.0,0.0,0.0,0.0
156,371.3088048,791.3176496,0.0,0.0,0.0,521.4945194418826,0.0,0.0,0.0,0.0,0.0,0.0,0.0,746.2000853034432,371.3088048,269.82313015811735
157,362.1603162,791.3176496,0.0,0.0,0.0,528.142554172967,0.0,0.0,0.0,0.0,0.0,0.0,0.0,727.8148413085031,362.1603162,263.17509542703294
158,368.678828,791.3176496,0.0,0.0,0.0,523.4056741552794,0.0,0.0,740.914757061461,368.678828,267.9119754447206,0.0,0.0,0.0,0.0,0.0
159,378.2613376,779.3760622,0.0,0.0,0.0,504.50065712038315,0.0,0.0,760.1722305942865,378.2613376,274.8754050796168,0.0,0.0,0.0,0.0,0.0
160,379.3416029,779.3760622,0.0,0.0,0.0,503.71564862912425,0.0,0.0,762.3431838509553,379.3416029,275.66041357087573,0.0,0.0,0.0,0.0,0.0
161,374.7201866,779.3760622,0.0,0.0,0.0,507.07394500052703,0.0,0.0,0.0,0.0,0.0,0.0,0.0,753.0557627268045,374.7201866,272.30211719947295
162,385.7629064,714.0545666,0.0,0.0,0.0,433.7279124561368,0.0,0.0,775.2477451151037,385.7629064,280.32665414386327,0.0,0.0,0.0,0.0,0.0
163,269.3108426,585.2046364,0.0,0.0,0.0,389.5015084469942,0.0,0.0,0.0,0.0,0.0,0.0,0.0,541.2200602932273,269.3108426,195.7031279530058
164,273.1409495,585.2046364,0.0,0.0,0.0,386.7182417448894,0.0,0.0,0.0,0.0,0.0,0.0,0.0,548.917227875991,273.1409495,198.48639465511067
165,278.8861098,585.2046364,0.0,0.0,0.0,382.5433417280661,0.0,0.0,0.0,0.0,0.0,0.0,0.0,560.4629791496542,278.8861098,202.66129467193394
166,270.9037174,396.6608949,0.0,0.0,0.0,199.80025476594727,0.0,0.0,0.0,0.0,0.0,0.0,0.0,544.42117832833,270.9037174,196.86064013405274
167,269.3167901,396.6608949,0.0,0.0,0.0,200.95344501052014,0.0,0.0,541.2320126761225,269.3167901,195.70744988947988,0.0,0.0,0.0,0.0,0.0
