k,Q_D,P_D,E_TES,Qin_TES,Qout_TES,Pgrid,dB1,dB2,dCHP1,dCHP2,din_TES,dout_TES,Qin_B1,Qin_B2,Qout_B1,Qout_B2,Qin_CHP1,Qin_CHP2,Qout_CHP1,Qout_CHP2,Pout_CHP1,Pout_CHP2
0,320.468192,396.6608949,415.4729677643675,0.0,0.0,176.4983642402062,-0.0,-0.0,-0.0,1.0,0.0,1.0,0.0,0.0,0.0,0.0,0.0,633.3570067650068,0.0,320.468192,0.0,220.16253065979382
1,339.6319139,396.6608949,536.9413606792186,130.36808610000702,0.0,16.536552670387152,-0.0,-0.0,1.0,-0.0,1.0,-0.0,0.0,0.0,0.0,0.0,977.1309771309932,0.0,470.0,0.0,380.12434222961286,0.0
2,355.3113195,396.6608949,161.18491255857384,0.0,355.3113195000003,396.6608949,-0.0,-0.0,-0.0,-0.0,0.0,1.0,0.0,0.0,0.0,0.0,0.0,0.0,0.0,0.0,0.0,0.0
3,357.0534765,396.6608949,267.412395306753,112.94652350000638,0.0,16.536552670387834,-0.0,-0.0,-0.0,1.0,1.0,-0.0,0.0,0.0,0.0,0.0,0.0,977.1309771309917,0.0,470.0,0.0,380.1243422296122
4,357.0534765,396.6608949,373.1100662744168,112.94652350000655,0.0,16.536552670387664,-0.0,-0.0,1.0,-0.0,1.0,-0.0,0.0,0.0,0.0,0.0,977.130977130992,0.0,470.0,0.0,380.12434222961235,0.0
5,353.569165,396.6608949,0.0,0.0,353.5691650000001,396.6608949,-0.0,-0.0,-0.0,-0.0,0.0,1.0,0.0,0.0,0.0,0.0,0.0,0.0,0.0,0.0,0.0,0.0
6,355.3113195,396.6608949,59.10612710046405,62.37264795361683,0.0,72.50168445201979,-0.0,-0.0,1.0,-0.0,1.0,-0.0,0.0,0.0,0.0,0.0,856.8562980321632,0.0,417.68396745361684,0.0,324.15921044798023,0.0
7,383.7054617,587.1223702,140.58653707424972,86.29453830000645,0.0,206.99802797038774,-0.0,-0.0,-0.0,1.0,1.0,-0.0,0.0,0.0,0.0,0.0,0.0,977.1309771309918,0.0,470.0,0.0,380.12434222961224
8,506.9542607,781.293796,101.08322318267625,0.0,36.954260699994165,401.1694537703884,-0.0,-0.0,1.0,-0.0,0.0,1.0,0.0,0.0,0.0,0.0,977.1309771309906,0.0,470.0,0.0,380.12434222961167,0.0
9,497.295584,781.293796,71.91858573581207,0.0,27.295583999993823,401.16945377038803,-0.0,-0.0,-0.0,1.0,0.0,1.0,0.0,0.0,0.0,0.0,0.0,977.1309771309914,0.0,470.0,0.0,380.124342229612
10,487.2668116,791.3176496,53.42966247596208,0.0,17.266811599999926,411.19330737039456,-0.0,-0.0,1.0,-0.0,0.0,1.0,0.0,0.0,0.0,0.0,977.1309771309772,0.0,470.0,0.0,380.1243422296054,0.0
11,472.8077301,791.3176496,50.21505201840749,0.0,2.807730099999958,411.19330737039456,-0.0,-0.0,-0.0,1.0,0.0,1.0,0.0,0.0,0.0,0.0,0.0,977.1309771309772,0.0,470.0,0.0,380.1243422296054
12,449.1472223,791.3176496,69.72529930876374,20.85277770000608,0.0,411.1933073703881,-0.0,-0.0,-0.0,1.0,1.0,-0.0,0.0,0.0,0.0,0.0,0.0,977.1309771309911,0.0,470.0,0.0,380.1243422296119
13,455.6758214,791.3176496,82.95154930256511,14.324178600006015,0.0,411.19330737038814,-0.0,-0.0,1.0,-0.0,1.0,-0.0,0.0,0.0,0.0,0.0,977.130977130991,0.0,470.0,0.0,380.12434222961184,0.0
14,473.1244571,791.3176496,79.25713308277531,0.0,3.124457099997528,411.193307370392,-0.0,-0.0,1.0,-0.0,0.0,1.0,0.0,0.0,0.0,0.0,977.1309771309827,0.0,470.0,0.0,380.124342229608,0.0
15,481.4872323,779.3760622,66.80019224771421,0.0,11.48723229999996,399.25171997039456,-0.0,-0.0,-0.0,1.0,0.0,1.0,0.0,0.0,0.0,0.0,0.0,977.1309771309772,0.0,470.0,0.0,380.1243422296054
16,486.1668577,779.3760622,49.491753495227314,0.0,16.16685769999384,399.251719970388,-0.0,-0.0,-0.0,1.0,0.0,1.0,0.0,0.0,0.0,0.0,0.0,977.1309771309913,0.0,470.0,0.0,380.12434222961195
17,488.5970503,779.3760622,29.717928065731574,0.0,18.597050299993555,399.25171997038774,-0.0,-0.0,1.0,-0.0,0.0,1.0,0.0,0.0,0.0,0.0,977.1309771309918,0.0,470.0,0.0,380.12434222961224,0.0
18,498.1615104,714.0545666,0.0,0.0,28.16151039999704,333.93022437039156,-0.0,-0.0,-0.0,1.0,0.0,1.0,0.0,0.0,0.0,0.0,0.0,977.1309771309838,0.0,470.0,0.0,380.1243422296085
19,371.1083804,585.2046364,0.0,0.0,0.0,310.8697100269105,-0.0,-0.0,1.0,-0.0,1.0,-0.0,0.0,0.0,0.0,0.0,749.7789163185162,0.0,371.10838039999993,0.0,274.3349263730895,0.0
20,373.1786634,585.2046364,0.0,0.0,0.0,308.65502257297305,-0.0,-0.0,1.0,-0.0,1.0,-0.0,0.0,0.0,0.0,0.0,754.5385016951017,0.0,373.1786634,0.0,276.549613827027,0.0
21,375.2489441,585.2046364,44.92676606002466,47.40965955006892,0.0,255.7238035592428,-0.0,-0.0,-0.0,1.0,1.0,-0.0,0.0,0.0,0.0,0.0,0.0,868.2929980845065,0.0,422.6586036500689,0.0,329.4808328407572
22,348.3426941,396.6608949,159.9886783418092,121.65730590000697,0.0,16.536552670387152,-0.0,-0.0,1.0,-0.0,1.0,-0.0,0.0,0.0,0.0,0.0,977.1309771309932,0.0,470.0,0.0,380.12434222961286,0.0
23,350.084851,396.6608949,272.82579862216915,119.9151490000063,0.0,16.53655267038789,-0.0,-0.0,1.0,-0.0,1.0,-0.0,0.0,0.0,0.0,0.0,977.1309771309916,0.0,470.0,0.0,380.1243422296121,0.0
24,350.084851,396.6608949,385.1001414172932,119.91514900000647,0.0,16.536552670387664,-0.0,-0.0,1.0,-0.0,1.0,-0.0,0.0,0.0,0.0,0.0,977.130977130992,0.0,470.0,0.0,380.12434222961235,0.0
25,353.569165,396.6608949,11.930274393612706,0.0,353.5691650000001,396.6608949,-0.0,-0.0,-0.0,-0.0,0.0,1.0,0.0,0.0,0.0,0.0,0.0,0.0,0.0,0.0,0.0,0.0
26,355.3113195,396.6608949,120.55308616977982,114.68868050000629,0.0,16.53655267038789,-0.0,-0.0,-0.0,1.0,1.0,-0.0,0.0,0.0,0.0,0.0,0.0,977.1309771309916,0.0,470.0,0.0,380.1243422296121
27,357.0534765,396.6608949,226.98322099751255,112.94652350000655,0.0,16.536552670387664,-0.0,-0.0,1.0,-0.0,1.0,-0.0,0.0,0.0,0.0,0.0,977.130977130992,0.0,470.0,0.0,380.12434222961235,0.0
28,362.279945,396.6608949,327.9297804386836,107.72005500000654,0.0,16.536552670387664,-0.0,-0.0,1.0,-0.0,1.0,-0.0,0.0,0.0,0.0,0.0,977.130977130992,0.0,470.0,0.0,380.12434222961235,0.0
29,364.022102,396.6608949,426.721948399663,105.97789800000646,0.0,16.53655267038772,-0.0,-0.0,-0.0,1.0,1.0,-0.0,0.0,0.0,0.0,0.0,0.0,977.1309771309919,0.0,470.0,0.0,380.1243422296123
30,364.022102,396.6608949,525.0213883673372,105.97789800000663,0.0,16.53655267038755,-0.0,-0.0,-0.0,1.0,1.0,-0.0,0.0,0.0,0.0,0.0,0.0,977.1309771309923,0.0,470.0,0.0,380.12434222961247
31,398.210111,587.1223702,590.4330106456547,71.78988900000664,0.0,206.9980279703875,-0.0,-0.0,1.0,-0.0,1.0,-0.0,0.0,0.0,0.0,0.0,977.1309771309923,0.0,470.0,0.0,380.12434222961247,0.0
32,525.2319391,781.293796,529.4944357218964,0.0,55.2319390999935,401.16945377038775,-0.0,-0.0,-0.0,1.0,0.0,1.0,0.0,0.0,0.0,0.0,0.0,977.1309771309919,0.0,470.0,0.0,380.1243422296123
33,518.7740505,781.293796,475.64060452723476,0.0,48.77405049999999,401.1694537703946,-0.0,-0.0,-0.0,1.0,0.0,1.0,0.0,0.0,0.0,0.0,0.0,977.1309771309772,0.0,470.0,0.0,380.1243422296054
34,513.0255398,791.3176496,428.09133185249914,0.0,43.02553979999334,411.19330737038746,-0.0,-0.0,1.0,-0.0,0.0,1.0,0.0,0.0,0.0,0.0,977.1309771309924,0.0,470.0,0.0,380.1243422296125,0.0
35,505.2914575,791.3176496,388.90003245864887,0.0,35.29145749999992,411.19330737039456,-0.0,-0.0,-0.0,1.0,0.0,1.0,0.0,0.0,0.0,0.0,0.0,977.1309771309772,0.0,470.0,0.0,380.1243422296054
36,489.3713909,791.3176496,366.62034015365083,0.0,19.371390899999938,411.19330737039456,-0.0,-0.0,-0.0,1.0,0.0,1.0,0.0,0.0,0.0,0.0,0.0,977.1309771309772,0.0,470.0,0.0,380.1243422296054
37,482.3716511,791.3176496,351.8015257298804,0.0,12.371651099999951,411.19330737039456,-0.0,-0.0,1.0,-0.0,0.0,1.0,0.0,0.0,0.0,0.0,977.1309771309772,0.0,470.0,0.0,380.1243422296054,0.0
38,493.9611443,791.3176496,324.8876018237531,0.0,23.961144299999944,411.19330737039456,-0.0,-0.0,-0.0,1.0,0.0,1.0,0.0,0.0,0.0,0.0,0.0,977.1309771309772,0.0,470.0,0.0,380.1243422296054
39,505.3895853,779.3760622,286.1079985609663,0.0,35.389585299999965,399.25171997039456,-0.0,-0.0,1.0,-0.0,0.0,1.0,0.0,0.0,0.0,0.0,977.1309771309772,0.0,470.0,0.0,380.1243422296054,0.0
40,516.1118787,779.3760622,236.26335433747525,0.0,46.11187869999998,399.25171997039456,-0.0,-0.0,1.0,-0.0,0.0,1.0,0.0,0.0,0.0,0.0,977.1309771309772,0.0,470.0,0.0,380.1243422296054,0.0
41,528.6186163,779.3760622,173.53518204857605,0.0,58.61861629999339,399.25171997038757,-0.0,-0.0,-0.0,1.0,0.0,1.0,0.0,0.0,0.0,0.0,0.0,977.1309771309922,0.0,470.0,0.0,380.1243422296124
42,531.5059581,714.0545666,108.08814628620674,0.0,61.50595809999348,333.9302243703877,-0.0,-0.0,-0.0,1.0,0.0,1.0,0.0,0.0,0.0,0.0,0.0,977.130977130992,0.0,470.0,0.0,380.12434222961235
43,402.1626028,585.2046364,171.8337361169481,67.83739720000645,0.0,205.08029417038773,-0.0,-0.0,1.0,-0.0,1.0,-0.0,0.0,0.0,0.0,0.0,977.1309771309919,0.0,470.0,0.0,380.1243422296123,0.0
44,402.1626028,585.2046364,235.26139349203356,67.83739720000605,0.0,205.08029417038813,-0.0,-0.0,1.0,-0.0,1.0,-0.0,0.0,0.0,0.0,0.0,977.1309771309911,0.0,470.0,0.0,380.1243422296119,0.0
45,398.0220389,585.2046364,302.29642234120456,71.97796110000641,0.0,205.08029417038784,-0.0,-0.0,-0.0,1.0,1.0,-0.0,0.0,0.0,0.0,0.0,0.0,977.1309771309917,0.0,470.0,0.0,380.1243422296122
46,370.9907276,396.6608949,394.61276582515944,99.00927240000664,0.0,16.53655267038755,-0.0,-0.0,1.0,-0.0,1.0,-0.0,0.0,0.0,0.0,0.0,977.1309771309923,0.0,470.0,0.0,380.12434222961247,0.0
47,377.9593531,396.6608949,392.64462644477334,0.0,0.0,114.99713315225011,-0.0,-0.0,-0.0,1.0,0.0,1.0,0.0,0.0,0.0,0.0,0.0,765.5293183062182,0.0,377.95935309999993,0.0,281.6637617477499
48,381.4436671,396.6608949,474.6048482626201,88.55633290000665,0.0,16.536552670387493,-0.0,-0.0,1.0,-0.0,1.0,-0.0,0.0,0.0,0.0,0.0,977.1309771309924,0.0,470.0,0.0,380.1243422296125,0.0
49,386.6701356,396.6608949,551.2035388941955,83.32986440000676,0.0,16.536552670387437,-0.0,-0.0,-0.0,1.0,1.0,-0.0,0.0,0.0,0.0,0.0,0.0,977.1309771309926,0.0,470.0,0.0,380.1243422296126
50,384.9279786,396.6608949,629.0711103769843,85.07202140000678,0.0,16.53655267038738,-0.0,-0.0,-0.0,1.0,1.0,-0.0,0.0,0.0,0.0,0.0,0.0,977.1309771309927,0.0,470.0,0.0,380.12434222961264
51,384.9279786,396.6608949,706.5503157267874,85.07202140000678,0.0,16.53655267038738,-0.0,-0.0,1.0,-0.0,1.0,-0.0,0.0,0.0,0.0,0.0,977.1309771309927,0.0,470.0,0.0,380.12434222961264,0.0
52,381.4436671,396.6608949,786.9449263878048,88.55633290000665,0.0,16.536552670387493,-0.0,-0.0,-0.0,1.0,1.0,-0.0,0.0,0.0,0.0,0.0,0.0,977.1309771309924,0.0,470.0,0.0,380.1243422296125
53,381.4436671,396.6608949,866.9385672553549,88.55633290000756,0.0,16.536552670386527,-0.0,-0.0,-0.0,1.0,1.0,-0.0,0.0,0.0,0.0,0.0,0.0,977.1309771309946,0.0,470.0,0.0,380.1243422296135
54,383.1858216,396.6608949,862.6146931125028,0.0,0.0,109.40611288335481,-0.0,-0.0,1.0,-0.0,0.0,1.0,0.0,0.0,0.0,0.0,777.5449814033814,0.0,383.1858216,0.0,287.2547820166452,0.0
55,421.0031304,587.1223702,904.7432366403644,48.99686960000659,0.0,206.99802797038757,-0.0,-0.0,1.0,-0.0,1.0,-0.0,0.0,0.0,0.0,0.0,977.1309771309922,0.0,470.0,0.0,380.1243422296124,0.0
56,549.5079332,781.293796,323.24507394947034,0.0,549.5079332,781.293796,-0.0,-0.0,-0.0,-0.0,0.0,1.0,0.0,0.0,0.0,0.0,0.0,0.0,0.0,0.0,0.0,0.0
57,524.1485906,781.293796,264.7766250900437,0.0,54.14859059999344,401.16945377038763,-0.0,-0.0,1.0,-0.0,0.0,1.0,0.0,0.0,0.0,0.0,977.1309771309922,0.0,470.0,0.0,380.1243422296124,0.0
58,508.9603391,791.3176496,222.5475194428265,0.0,38.96033909999392,411.1933073703881,-0.0,-0.0,1.0,-0.0,0.0,1.0,0.0,0.0,0.0,0.0,977.1309771309911,0.0,470.0,0.0,380.1243422296119,0.0
59,495.7810111,791.3176496,194.36738447058707,0.0,25.781011099993748,411.1933073703879,-0.0,-0.0,1.0,-0.0,0.0,1.0,0.0,0.0,0.0,0.0,977.1309771309915,0.0,470.0,0.0,380.12434222961207,0.0
60,476.4819936,791.3176496,186.59185142198453,0.0,6.481993599996997,411.1933073703914,-0.0,-0.0,1.0,-0.0,0.0,1.0,0.0,0.0,0.0,0.0,977.130977130984,0.0,470.0,0.0,380.1243422296086,0.0
61,482.171696,791.3176496,172.88088656257761,0.0,12.171695999996587,411.1933073703909,-0.0,-0.0,-0.0,1.0,0.0,1.0,0.0,0.0,0.0,0.0,0.0,977.130977130985,0.0,470.0,0.0,380.12434222960906
62,495.1631036,791.3176496,145.59727053699413,0.0,25.163103599993747,411.1933073703879,-0.0,-0.0,-0.0,1.0,0.0,1.0,0.0,0.0,0.0,0.0,0.0,977.1309771309915,0.0,470.0,0.0,380.12434222961207
63,515.3563626,779.3760622,547.2757067939453,424.6436374000061,0.0,19.127377740782663,-0.0,-0.0,1.0,1.0,1.0,-0.0,0.0,0.0,0.0,0.0,977.1309771309772,977.1309771309911,470.0,470.0,380.1243422296054,380.1243422296119
64,518.6132248,779.3760622,0.0,0.0,518.6132248000001,779.3760622,-0.0,-0.0,-0.0,-0.0,0.0,1.0,0.0,0.0,0.0,0.0,0.0,0.0,0.0,0.0,0.0,0.0
65,518.6132248,779.3760622,106.8267615412579,112.73058000081431,0.0,349.312672740413,-0.0,-0.0,1.0,1.0,1.0,-0.0,0.0,0.0,0.0,0.0,676.1259475275442,568.5347043701798,339.07145341522255,292.2723513855917,240.06338945958697,190.0
66,526.7424659,714.0545666,46.71412309060851,0.0,56.74246589999686,333.9302243703914,-0.0,-0.0,-0.0,1.0,0.0,1.0,0.0,0.0,0.0,0.0,0.0,977.1309771309841,0.0,470.0,0.0,380.12434222960866
67,391.8111945,585.2046364,120.575111352512,78.18880550000645,0.0,205.08029417038773,-0.0,-0.0,-0.0,1.0,1.0,-0.0,0.0,0.0,0.0,0.0,0.0,977.1309771309919,0.0,470.0,0.0,380.1243422296123
68,389.7409138,585.2046364,196.02957433157553,80.25908620000652,0.0,205.08029417038767,-0.0,-0.0,-0.0,1.0,1.0,-0.0,0.0,0.0,0.0,0.0,0.0,977.130977130992,0.0,470.0,0.0,380.12434222961235
69,389.7409138,585.2046364,271.107706606526,80.25908620000652,0.0,205.08029417038767,-0.0,-0.0,1.0,-0.0,1.0,-0.0,0.0,0.0,0.0,0.0,977.130977130992,0.0,470.0,0.0,380.12434222961235,0.0
70,357.0534765,396.6608949,376.78694713219267,112.94652350000655,0.0,16.536552670387664,-0.0,-0.0,1.0,-0.0,1.0,-0.0,0.0,0.0,0.0,0.0,977.130977130992,0.0,470.0,0.0,380.12434222961235,0.0
71,357.0534765,396.6608949,0.0,0.0,357.0534765,396.6608949,-0.0,-0.0,-0.0,-0.0,0.0,1.0,0.0,0.0,0.0,0.0,0.0,0.0,0.0,0.0,0.0,0.0
72,360.5377905,396.6608949,0.0,0.0,0.0,133.6338683803353,-0.0,-0.0,-0.0,1.0,0.0,1.0,0.0,0.0,0.0,0.0,0.0,725.4771058366059,0.0,360.5377905,0.0,263.02702651966473
73,357.0534765,396.6608949,0.0,0.0,0.0,137.36121700918397,-0.0,-0.0,1.0,-0.0,1.0,-0.0,0.0,0.0,0.0,0.0,717.4666599401598,0.0,357.05347649999993,0.0,259.29967789081604,0.0
74,364.022102,396.6608949,0.0,0.0,0.0,129.90652242586435,-0.0,-0.0,-0.0,1.0,1.0,-0.0,0.0,0.0,0.0,0.0,0.0,733.487545985546,0.0,364.022102,0.0,266.75437247413566
75,353.569165,396.6608949,0.0,0.0,0.0,141.0885629636549,-0.0,-0.0,1.0,-0.0,1.0,-0.0,0.0,0.0,0.0,0.0,709.4562197912197,0.0,353.56916499999994,0.0,255.5723319363451,0.0
76,358.7956335,396.6608949,10.788570763264062,11.384804911949505,0.0,123.31863546129443,-0.0,-0.0,-0.0,1.0,1.0,-0.0,0.0,0.0,0.0,0.0,0.0,747.6455755546474,0.0,370.18043841194947,0.0,273.3422594387056
77,365.764259,396.6608949,109.51156869180666,104.23574100000741,0.0,16.536552670386754,-0.0,-0.0,-0.0,1.0,1.0,-0.0,0.0,0.0,0.0,0.0,0.0,977.130977130994,0.0,470.0,0.0,380.12434222961326
78,381.4436671,396.6608949,192.8839225264367,88.55633290000756,0.0,16.536552670386527,-0.0,-0.0,-0.0,1.0,1.0,-0.0,0.0,0.0,0.0,0.0,0.0,977.1309771309946,0.0,470.0,0.0,380.1243422296135
79,410.6426673,587.1223702,248.17063701198913,59.357332700006026,0.0,206.99802797038814,-0.0,-0.0,-0.0,1.0,1.0,-0.0,0.0,0.0,0.0,0.0,0.0,977.130977130991,0.0,470.0,0.0,380.12434222961184
80,541.2815198,781.293796,172.0869727582961,0.0,71.28151979999348,401.1694537703877,-0.0,-0.0,1.0,-0.0,0.0,1.0,0.0,0.0,0.0,0.0,977.130977130992,0.0,470.0,0.0,380.12434222961235,0.0
81,510.2371802,781.293796,128.97946993251662,0.0,40.23718019999694,401.1694537703914,-0.0,-0.0,1.0,-0.0,0.0,1.0,0.0,0.0,0.0,0.0,977.1309771309841,0.0,470.0,0.0,380.12434222960866,0.0
82,470.167779,791.3176496,573.5627979978264,469.83222100001785,0.0,31.068965140770104,-0.0,-0.0,1.0,1.0,1.0,-0.0,0.0,0.0,0.0,0.0,977.1309771309772,977.1309771310181,470.0,470.0,380.1243422296054,380.12434222962446
83,453.1732935,791.3176496,586.6476158781161,16.82670650000575,0.0,411.1933073703885,-0.0,-0.0,1.0,-0.0,1.0,-0.0,0.0,0.0,0.0,0.0,977.1309771309902,0.0,470.0,0.0,380.1243422296115,0.0
84,456.6195372,791.3176496,596.4014126464087,13.380462800005724,0.0,411.1933073703884,-0.0,-0.0,1.0,-0.0,1.0,-0.0,0.0,0.0,0.0,0.0,977.1309771309903,0.0,470.0,0.0,380.12434222961156,0.0
85,462.0876488,791.3176496,600.92482127784,7.9123512000062455,0.0,411.19330737038797,-0.0,-0.0,-0.0,1.0,1.0,-0.0,0.0,0.0,0.0,0.0,0.0,977.1309771309914,0.0,470.0,0.0,380.124342229612
86,460.9349327,791.3176496,606.5180164660009,9.065067300005698,0.0,411.19330737038854,-0.0,-0.0,-0.0,1.0,1.0,-0.0,0.0,0.0,0.0,0.0,0.0,977.1309771309901,0.0,470.0,0.0,380.12434222961144
87,488.5970503,779.3760622,583.9660109597157,0.0,18.597050299993725,399.2517199703879,-0.0,-0.0,-0.0,1.0,0.0,1.0,0.0,0.0,0.0,0.0,0.0,977.1309771309915,0.0,470.0,0.0,380.12434222961207
88,503.6051387,779.3760622,994.5938740079436,436.3948613000059,0.0,19.12737774078289,-0.0,-0.0,1.0,1.0,1.0,-0.0,0.0,0.0,0.0,0.0,977.1309771309906,977.1309771309772,470.0,470.0,380.12434222961167,380.1243422296054
89,516.1118787,779.3760622,447.7135829096417,0.0,516.1118787,779.3760622,-0.0,-0.0,-0.0,-0.0,0.0,1.0,0.0,0.0,0.0,0.0,0.0,0.0,0.0,0.0,0.0,0.0
90,536.2694503,714.0545666,375.8973889916414,0.0,66.26945029999305,333.93022437038724,-0.0,-0.0,-0.0,1.0,0.0,1.0,0.0,0.0,0.0,0.0,0.0,977.1309771309931,0.0,470.0,0.0,380.1243422296128
91,404.2328834,585.2046364,436.34541681379534,65.76711660000674,0.0,205.08029417038745,-0.0,-0.0,-0.0,1.0,1.0,-0.0,0.0,0.0,0.0,0.0,0.0,977.1309771309926,0.0,470.0,0.0,380.1243422296126
92,418.7248531,585.2046364,482.7589487600492,51.27514690000672,0.0,205.08029417038745,-0.0,-0.0,-0.0,1.0,1.0,-0.0,0.0,0.0,0.0,0.0,0.0,977.1309771309926,0.0,470.0,0.0,380.1243422296126
93,414.5842893,585.2046364,532.8647103902199,55.4157107000066,0.0,205.08029417038762,-0.0,-0.0,-0.0,1.0,1.0,-0.0,0.0,0.0,0.0,0.0,0.0,977.1309771309922,0.0,470.0,0.0,380.1243422296124
94,372.7328846,396.6608949,622.3801713254707,97.26711540000628,0.0,16.53655267038789,-0.0,-0.0,-0.0,1.0,1.0,-0.0,0.0,0.0,0.0,0.0,0.0,977.1309771309916,0.0,470.0,0.0,380.1243422296121
95,367.506416,396.6608949,619.276037270923,0.0,0.0,126.17917379701572,-0.0,-0.0,1.0,-0.0,0.0,1.0,0.0,0.0,0.0,0.0,741.4979918819919,0.0,367.506416,0.0,270.4817211029843,0.0
96,372.7328846,396.6608949,224.81622356765763,0.0,372.73288460000026,396.6608949,-0.0,-0.0,-0.0,-0.0,0.0,1.0,0.0,0.0,0.0,0.0,0.0,0.0,0.0,0.0,0.0,0.0
97,365.764259,396.6608949,322.4717541244961,104.2357410000065,0.0,16.53655267038772,-0.0,-0.0,-0.0,1.0,1.0,-0.0,0.0,0.0,0.0,0.0,0.0,977.1309771309919,0.0,470.0,0.0,380.1243422296123
98,377.9593531,396.6608949,408.0838014322529,92.04064690000668,0.0,16.536552670387493,-0.0,-0.0,-0.0,1.0,1.0,-0.0,0.0,0.0,0.0,0.0,0.0,977.1309771309924,0.0,470.0,0.0,380.1243422296125
99,360.5377905,396.6608949,509.77803400576795,109.46220950000674,0.0,16.53655267038738,-0.0,-0.0,1.0,-0.0,1.0,-0.0,0.0,0.0,0.0,0.0,977.1309771309927,0.0,470.0,0.0,380.12434222961264,0.0
100,362.279945,396.6608949,609.3141484328588,107.72005500000654,0.0,16.536552670387664,-0.0,-0.0,-0.0,1.0,1.0,-0.0,0.0,0.0,0.0,0.0,0.0,977.130977130992,0.0,470.0,0.0,380.12434222961235
101,346.6005395,396.6608949,606.275181439357,0.0,0.0,148.54325754697447,-0.0,-0.0,1.0,-0.0,0.0,1.0,0.0,0.0,0.0,0.0,693.4353337458338,0.0,346.60053949999997,0.0,248.11763735302554,0.0
102,353.569165,396.6608949,232.00219930150712,0.0,353.5691650000001,396.6608949,-0.0,-0.0,-0.0,-0.0,0.0,1.0,0.0,0.0,0.0,0.0,0.0,0.0,0.0,0.0,0.0,0.0
103,352.4361953,396.6608949,342.25194870960365,117.56380470000698,0.0,16.536552670387152,-0.0,-0.0,1.0,-0.0,1.0,-0.0,0.0,0.0,0.0,0.0,977.1309771309932,0.0,470.0,0.0,380.12434222961286,0.0
104,348.135434,396.6608949,456.0273511280267,121.86456600000719,0.0,16.536552670386982,-0.0,-0.0,-0.0,1.0,1.0,-0.0,0.0,0.0,0.0,0.0,0.0,977.1309771309935,0.0,470.0,0.0,380.12434222961303
105,312.5361524,396.6608949,125.58857614472561,0.0,312.5361524,396.6608949,-0.0,-0.0,-0.0,-0.0,0.0,1.0,0.0,0.0,0.0,0.0,0.0,0.0,0.0,0.0,0.0,0.0
106,300.9302561,396.6608949,285.17758496998175,169.06974390000659,0.0,16.53655267038755,-0.0,-0.0,1.0,-0.0,1.0,-0.0,0.0,0.0,0.0,0.0,977.1309771309923,0.0,470.0,0.0,380.12434222961247,0.0
107,267.7250826,396.6608949,475.43682410405313,202.27491740000673,0.0,16.536552670387437,-0.0,-0.0,-0.0,1.0,1.0,-0.0,0.0,0.0,0.0,0.0,0.0,977.1309771309926,0.0,470.0,0.0,380.1243422296126
108,253.5148143,396.6608949,678.213203000684,216.48518570000655,0.0,16.536552670387607,-0.0,-0.0,-0.0,1.0,1.0,-0.0,0.0,0.0,0.0,0.0,0.0,977.1309771309922,0.0,470.0,0.0,380.1243422296124
109,249.9992176,396.6608949,412.33032694036433,0.0,249.9992176000003,396.6608949,-0.0,-0.0,-0.0,-0.0,0.0,1.0,0.0,0.0,0.0,0.0,0.0,0.0,0.0,0.0,0.0,0.0
110,287.3005279,396.6608949,583.4051303863613,182.6994721000063,0.0,16.53655267038789,-0.0,-0.0,1.0,-0.0,1.0,-0.0,0.0,0.0,0.0,0.0,977.1309771309916,0.0,470.0,0.0,380.1243422296121,0.0
111,308.5140356,396.6608949,256.5542963374533,0.0,308.51403560000017,396.6608949,-0.0,-0.0,-0.0,-0.0,0.0,1.0,0.0,0.0,0.0,0.0,0.0,0.0,0.0,0.0,0.0,0.0
112,328.5745047,396.6608949,255.27472644626346,0.0,0.0,167.8266275576445,-0.0,-0.0,1.0,-0.0,0.0,1.0,0.0,0.0,0.0,0.0,651.9934382987383,0.0,328.5745047,0.0,228.8342673423555,0.0
113,332.0588187,396.6608949,384.7185957012854,137.94118130000652,0.0,16.536552670387664,-0.0,-0.0,-0.0,1.0,1.0,-0.0,0.0,0.0,0.0,0.0,0.0,977.130977130992,0.0,470.0,0.0,380.12434222961235
114,339.4851783,396.6608949,26.338879374536134,0.0,339.48517830000014,396.6608949,-0.0,-0.0,-0.0,-0.0,0.0,1.0,0.0,0.0,0.0,0.0,0.0,0.0,0.0,0.0,0.0,0.0
115,350.6940407,396.6608949,139.2652950103125,119.3059593000068,0.0,16.536552670387323,-0.0,-0.0,-0.0,1.0,1.0,-0.0,0.0,0.0,0.0,0.0,0.0,977.1309771309928,0.0,470.0,0.0,380.1243422296127
116,354.1783523,396.6608949,248.32665324361557,115.82164770000662,0.0,16.536552670387607,-0.0,-0.0,1.0,-0.0,1.0,-0.0,0.0,0.0,0.0,0.0,977.1309771309922,0.0,470.0,0.0,380.1243422296124,0.0
117,382.0528543,396.6608949,330.42938052691807,87.94714570000647,0.0,16.53655267038772,-0.0,-0.0,-0.0,1.0,1.0,-0.0,0.0,0.0,0.0,0.0,0.0,977.1309771309919,0.0,470.0,0.0,380.1243422296123
118,400.6073867,396.6608949,394.5398066306983,69.39261330000673,0.0,16.536552670387437,-0.0,-0.0,1.0,-0.0,1.0,-0.0,0.0,0.0,0.0,0.0,977.1309771309926,0.0,470.0,0.0,380.1243422296126,0.0
119,414.5446376,396.6608949,445.1231381668141,55.45536240000675,0.0,16.536552670387437,-0.0,-0.0,1.0,-0.0,1.0,-0.0,0.0,0.0,0.0,0.0,977.1309771309926,0.0,470.0,0.0,380.1243422296126,0.0
120,404.0916982,396.6608949,18.605024024580814,0.0,404.0916982000001,396.6608949,-0.0,-0.0,-0.0,-0.0,0.0,1.0,0.0,0.0,0.0,0.0,0.0,0.0,0.0,0.0,0.0,0.0
121,423.2554178,396.6608949,62.80875058699934,46.74458220000646,0.0,16.536552670387778,-0.0,-0.0,-0.0,1.0,1.0,-0.0,0.0,0.0,0.0,0.0,0.0,977.1309771309918,0.0,470.0,0.0,380.12434222961224
122,444.1612943,396.6608949,86.98099627602491,25.838705700007623,0.0,16.536552670386527,-0.0,-0.0,-0.0,1.0,1.0,-0.0,0.0,0.0,0.0,0.0,0.0,977.1309771309946,0.0,470.0,0.0,380.1243422296135
123,426.7397318,396.6608949,86.54717674725703,0.0,0.0,62.81427085506277,-0.0,-0.0,1.0,-0.0,0.0,1.0,0.0,0.0,0.0,0.0,877.6755210837212,0.0,426.7397318,0.0,333.84662404493724,0.0
124,412.8024807,396.6608949,140.31754625320542,57.197519300006405,0.0,16.536552670387778,-0.0,-0.0,1.0,-0.0,1.0,-0.0,0.0,0.0,0.0,0.0,977.1309771309918,0.0,470.0,0.0,380.12434222961224,0.0
125,430.2240433,396.6608949,300.61533209998623,169.89521262762676,0.0,0.0,-0.0,-0.0,1.0,1.0,1.0,-0.0,0.0,0.0,0.0,0.0,568.5347043701798,604.3406378827765,292.2723513855917,307.846904542035,190.0,206.66089490000007
126,451.1299199,396.6608949,316.9978411317013,18.87008010000762,0.0,16.536552670386527,-0.0,-0.0,-0.0,1.0,1.0,-0.0,0.0,0.0,0.0,0.0,0.0,977.1309771309946,0.0,470.0,0.0,380.1243422296135
127,446.512641,396.6608949,460.978883540885,153.60661492762665,0.0,0.0,-0.0,-0.0,1.0,1.0,1.0,-0.0,0.0,0.0,0.0,0.0,604.340637882776,568.5347043701798,307.84690454203485,292.2723513855917,206.6608948999999,190.0
128,436.8855768,396.6608949,490.05992796663855,33.11442320000664,0.0,16.536552670387493,-0.0,-0.0,1.0,-0.0,1.0,-0.0,0.0,0.0,0.0,0.0,977.1309771309924,0.0,470.0,0.0,380.1243422296125,0.0
129,401.3612252,396.6608949,552.6598342047994,68.6387748000067,0.0,16.536552670387493,-0.0,-0.0,1.0,-0.0,1.0,-0.0,0.0,0.0,0.0,0.0,977.1309771309924,0.0,470.0,0.0,380.1243422296125,0.0
130,326.6620243,396.6608949,206.90687532827872,0.0,326.6620243,396.6608949,-0.0,-0.0,-0.0,-0.0,0.0,1.0,0.0,0.0,0.0,0.0,0.0,0.0,0.0,0.0,0.0,0.0
131,340.0834718,396.6608949,328.9875866286831,129.91652820000644,0.0,16.536552670387778,-0.0,-0.0,1.0,-0.0,1.0,-0.0,0.0,0.0,0.0,0.0,977.1309771309918,0.0,470.0,0.0,380.12434222961224,0.0
132,311.7575129,396.6608949,0.0,0.0,311.75751290000017,396.6608949,-0.0,-0.0,-0.0,-0.0,0.0,1.0,0.0,0.0,0.0,0.0,0.0,0.0,0.0,0.0,0.0,0.0
133,311.4263396,396.6608949,0.0,0.0,0.0,186.17089551763743,-0.0,-0.0,-0.0,1.0,0.0,1.0,0.0,0.0,0.0,0.0,0.0,612.5697673101673,0.0,311.4263396,0.0,210.48999938236258
134,323.8435229,396.6608949,0.0,0.0,0.0,172.88760039916735,-0.0,-0.0,-0.0,1.0,1.0,-0.0,0.0,0.0,0.0,0.0,0.0,641.1169002640003,0.0,323.8435229,0.0,223.77329450083266
135,356.797806,396.6608949,0.0,0.0,0.0,137.63472080006278,-0.0,-0.0,-0.0,1.0,1.0,-0.0,0.0,0.0,0.0,0.0,0.0,716.8788728728728,0.0,356.7978059999999,0.0,259.02617409993724
136,359.9333208,396.6608949,0.0,0.0,0.0,134.28050048854243,-0.0,-0.0,-0.0,1.0,1.0,-0.0,0.0,0.0,0.0,0.0,0.0,724.0874286066286,0.0,359.9333208,0.0,262.3803944114576
137,361.6754753,396.6608949,0.0,0.0,0.0,132.41682884849575,-0.0,-0.0,1.0,-0.0,1.0,-0.0,0.0,0.0,0.0,0.0,728.0926458073459,0.0,361.6754753,0.0,264.24406605150426,0.0
138,355.1645864,396.6608949,0.0,0.0,0.0,139.38185921430113,-0.0,-0.0,1.0,-0.0,1.0,-0.0,0.0,0.0,0.0,0.0,713.1240972576973,0.0,355.16458639999996,0.0,257.2790356856989,0.0
139,366.3734463,396.6608949,78.87493037911003,83.2339810818539,0.0,38.35152904363281,-0.0,-0.0,1.0,-0.0,1.0,-0.0,0.0,0.0,0.0,0.0,930.2484057992879,0.0,449.6074273818539,0.0,358.3093658563672,0.0
140,364.6312917,396.6608949,178.33197878909795,105.36870830000674,0.0,16.536552670387437,-0.0,-0.0,-0.0,1.0,1.0,-0.0,0.0,0.0,0.0,0.0,0.0,977.1309771309926,0.0,470.0,0.0,380.1243422296126
141,352.4361953,396.6608949,288.84940953873325,117.56380470000681,0.0,16.536552670387323,-0.0,-0.0,-0.0,1.0,1.0,-0.0,0.0,0.0,0.0,0.0,0.0,977.1309771309928,0.0,470.0,0.0,380.1243422296127
142,357.0534765,396.6608949,394.4401629518683,112.94652350000655,0.0,16.536552670387664,-0.0,-0.0,1.0,-0.0,1.0,-0.0,0.0,0.0,0.0,0.0,977.130977130992,0.0,470.0,0.0,380.12434222961235,0.0
143,350.084851,396.6608949,506.1079515744292,119.91514900000647,0.0,16.536552670387664,-0.0,-0.0,1.0,-0.0,1.0,-0.0,0.0,0.0,0.0,0.0,977.130977130992,0.0,470.0,0.0,380.12434222961235,0.0
144,339.6319139,396.6608949,503.5837276352028,0.0,0.0,155.9979522372692,-0.0,-0.0,1.0,-0.0,0.0,1.0,0.0,0.0,0.0,0.0,677.4144474705474,0.0,339.6319139,0.0,240.6629426627308,0.0
145,339.6319139,396.6608949,624.6126663018496,130.36808610000702,0.0,16.536552670387152,-0.0,-0.0,1.0,-0.0,1.0,-0.0,0.0,0.0,0.0,0.0,977.1309771309932,0.0,470.0,0.0,380.12434222961286,0.0
146,336.1475999,396.6608949,748.3398074477118,133.8524001000066,0.0,16.53655267038755,-0.0,-0.0,1.0,-0.0,1.0,-0.0,0.0,0.0,0.0,0.0,977.1309771309923,0.0,470.0,0.0,380.12434222961247,0.0
147,308.2730979,396.6608949,420.9193439055366,0.0,308.27309790000027,396.6608949,-0.0,-0.0,-0.0,-0.0,0.0,1.0,0.0,0.0,0.0,0.0,0.0,0.0,0.0,0.0,0.0,0.0
148,315.2417234,396.6608949,418.81999991960527,0.0,0.0,182.08938461607653,-0.0,-0.0,-0.0,1.0,0.0,1.0,0.0,0.0,0.0,0.0,0.0,621.3413434379435,0.0,315.2417234,0.0,214.5715102839235
149,316.9838804,396.6608949,416.73112645548525,0.0,0.0,180.22571030165227,-0.0,-0.0,-0.0,1.0,0.0,1.0,0.0,0.0,0.0,0.0,0.0,625.3465663861663,0.0,316.9838803999999,0.0,216.43518459834775
150,310.0152548,396.6608949,414.6526712912316,0.0,0.0,187.68040499194694,-0.0,-0.0,-0.0,1.0,0.0,1.0,0.0,0.0,0.0,0.0,0.0,609.3256801108801,0.0,310.0152548,0.0,208.98048990805307
151,323.6147762,587.1223702,72.78764986473448,0.0,323.6147762000003,587.1223702,-0.0,-0.0,-0.0,-0.0,0.0,1.0,0.0,0.0,0.0,0.0,0.0,0.0,0.0,0.0,0.0,0.0
152,421.0917485,781.293796,118.77149512762131,48.908251500005775,0.0,401.1694537703885,-0.0,-0.0,1.0,-0.0,1.0,-0.0,0.0,0.0,0.0,0.0,977.1309771309903,0.0,470.0,0.0,380.12434222961156,0.0
153,388.4932398,781.293796,195.41728568692685,81.50676020000608,0.0,401.16945377038815,-0.0,-0.0,-0.0,1.0,1.0,-0.0,0.0,0.0,0.0,0.0,0.0,977.1309771309911,0.0,470.0,0.0,380.1243422296119
154,366.8639963,791.3176496,292.17730115155484,103.13600370000614,0.0,411.193307370388,-0.0,-0.0,1.0,-0.0,1.0,-0.0,0.0,0.0,0.0,0.0,977.1309771309913,0.0,470.0,0.0,380.12434222961195,0.0
155,363.3020447,791.3176496,391.8301324924719,106.6979553000063,0.0,411.19330737038786,-0.0,-0.0,1.0,-0.0,1.0,-0.0,0.0,0.0,0.0,0.0,977.1309771309916,0.0,470.0,0.0,380.1243422296121,0.0
156,371.3088048,791.3176496,0.0,0.0,371.3088048000002,791.3176496,-0.0,-0.0,-0.0,-0.0,0.0,1.0,0.0,0.0,0.0,0.0,0.0,0.0,0.0,0.0,0.0,0.0
157,362.1603162,791.3176496,0.0,0.0,0.0,526.5549244770616,-0.0,-0.0,1.0,-0.0,1.0,-0.0,0.0,0.0,0.0,0.0,729.2072961510962,0.0,362.1603162,0.0,264.7627251229383,0.0
158,368.678828,791.3176496,95.21034021607608,100.47217307517556,0.0,412.10152487844306,-0.0,-0.0,1.0,-0.0,1.0,-0.0,0.0,0.0,0.0,0.0,975.1791266509553,0.0,469.15100107517554,0.0,379.2161247215569,0.0
159,378.2613376,779.3760622,181.66968929872587,91.73866240000606,0.0,399.25171997038814,-0.0,-0.0,1.0,-0.0,1.0,-0.0,0.0,0.0,0.0,0.0,977.130977130991,0.0,470.0,0.0,380.12434222961184,0.0
160,379.3416029,779.3760622,266.67412990321577,90.65839710000594,0.0,399.25171997038825,-0.0,-0.0,1.0,-0.0,1.0,-0.0,0.0,0.0,0.0,0.0,977.1309771309907,0.0,470.0,0.0,380.1243422296117,0.0
161,374.7201866,779.3760622,355.6339969830267,95.27981340000613,0.0,399.2517199703881,-0.0,-0.0,1.0,-0.0,1.0,-0.0,0.0,0.0,0.0,0.0,977.1309771309911,0.0,470.0,0.0,380.1243422296119,0.0
162,385.7629064,714.0545666,433.6857738681042,84.23709360000649,0.0,333.9302243703878,-0.0,-0.0,-0.0,1.0,1.0,-0.0,0.0,0.0,0.0,0.0,0.0,977.1309771309918,0.0,470.0,0.0,380.12434222961224
163,269.3108426,585.2046364,148.7451926042031,0.0,269.3108426000001,585.2046364,-0.0,-0.0,-0.0,-0.0,0.0,1.0,0.0,0.0,0.0,0.0,0.0,0.0,0.0,0.0,0.0,0.0
164,273.1409495,585.2046364,334.5526588518426,196.85905050000687,0.0,205.08029417038733,-0.0,-0.0,-0.0,1.0,1.0,-0.0,0.0,0.0,0.0,0.0,0.0,977.1309771309928,0.0,470.0,0.0,380.1243422296127
165,278.8861098,585.2046364,40.052433557436984,0.0,278.8861098,585.2046364,-0.0,-0.0,-0.0,-0.0,0.0,1.0,0.0,0.0,0.0,0.0,0.0,0.0,0.0,0.0,0.0,0.0
166,270.9037174,396.6608949,228.52207311584135,199.0962826000069,0.0,16.536552670387266,-0.0,-0.0,1.0,-0.0,1.0,-0.0,0.0,0.0,0.0,0.0,977.130977130993,0.0,470.0,0.0,380.12434222961275,0.0
167,269.3167901,396.6608949,417.55553468180375,200.68320990000447,0.0,16.536552670389824,-0.0,-0.0,-0.0,1.0,1.0,-0.0,0.0,0.0,0.0,0.0,0.0,977.1309771309874,0.0,470.0,0.0,380.1243422296102
