,k,Q_D,P_D,E_TES,Q_in_TES,Q_out_TES,delta_in_TES,delta_out_TES,Q_in_B1,Q_in_B2,Q_out_B1,Q_out_B2,delta_B1,delta_B2,Q_in_CHP1,Q_in_CHP2,Q_out_CHP1,Q_out_CHP2,P_out_CHP1,P_out_CHP2,delta_CHP1,delta_CHP2,P_grid
0,1,320.468192,396.6608949,456.86356061692976,149.53180800000257,0.0,1.0,0.0,0.0,0.0,0.0,0.0,0.0,0.0,977.1309771309772,0.0,470.0,0.0,380.1243422296054,0.0,1.0,0.0,16.5365526703946
1,2,339.6319139,396.6608949,578.1255170886949,130.36808610000006,0.0,1.0,0.0,0.0,0.0,0.0,0.0,0.0,0.0,977.1309771309772,0.0,470.0,0.0,380.1243422296054,0.0,1.0,0.0,16.5365526703946
2,3,355.3113195,396.6608949,683.9244183109117,114.68868050000202,0.0,1.0,0.0,0.0,0.0,0.0,0.0,0.0,0.0,0.0,977.1309771309772,0.0,470.0,0.0,380.1243422296054,0.0,1.0,16.5365526703946
3,4,357.0534765,396.6608949,787.5447268973413,112.94652350000334,0.0,1.0,0.0,0.0,0.0,0.0,0.0,0.0,0.0,977.1309771309772,0.0,470.0,0.0,380.1243422296054,0.0,1.0,0.0,16.5365526703946
4,5,357.0534765,396.6608949,890.6482270386341,112.946523500002,0.0,1.0,0.0,0.0,0.0,0.0,0.0,0.0,0.0,0.0,977.1309771309772,0.0,470.0,0.0,380.1243422296054,0.0,1.0,16.5365526703946
5,6,353.569165,396.6608949,996.5393307876964,116.43083500000256,0.0,1.0,0.0,0.0,0.0,0.0,0.0,0.0,0.0,977.1309771309772,0.0,470.0,0.0,380.1243422296054,0.0,1.0,0.0,16.5365526703946
6,7,355.3113195,396.6608949,618.4906282281346,0.0,355.3113195000003,0.0,1.0,0.0,0.0,0.0,0.0,0.0,0.0,0.0,0.0,0.0,0.0,0.0,0.0,0.0,0.0,396.6608949
7,8,383.7054617,587.1223702,697.1810963632491,86.29453830000007,0.0,1.0,0.0,0.0,0.0,0.0,0.0,0.0,0.0,0.0,977.1309771309772,0.0,470.0,0.0,380.1243422296054,0.0,1.0,206.99802797039456
8,9,506.9542607,781.293796,654.9017555259766,0.0,36.95426069999925,0.0,1.0,0.0,0.0,0.0,0.0,0.0,0.0,0.0,977.1309771309772,0.0,470.0,0.0,380.1243422296054,0.0,1.0,401.1694537703946
9,10,497.295584,781.293796,622.9749366255693,0.0,27.29558399999587,0.0,1.0,0.0,0.0,0.0,0.0,0.0,0.0,0.0,977.1309771309772,0.0,470.0,0.0,380.1243422296054,0.0,1.0,401.1694537703946
10,11,487.2668116,791.3176496,601.7376083496536,0.0,17.26681159999856,0.0,1.0,0.0,0.0,0.0,0.0,0.0,0.0,0.0,977.1309771309772,0.0,470.0,0.0,380.1243422296054,0.0,1.0,411.19330737039456
11,12,472.8077301,791.3176496,595.7883006032372,0.0,2.8077300999991905,0.0,1.0,0.0,0.0,0.0,0.0,0.0,0.0,0.0,977.1309771309772,0.0,470.0,0.0,380.1243422296054,0.0,1.0,411.19330737039456
12,13,449.1472223,791.3176496,612.5774899643571,20.852777700002328,0.0,1.0,0.0,0.0,0.0,0.0,0.0,0.0,0.0,0.0,977.1309771309772,0.0,470.0,0.0,380.1243422296054,0.0,1.0,411.19330737039456
13,14,455.6758214,791.3176496,623.0962533619622,14.32417860000222,0.0,1.0,0.0,0.0,0.0,0.0,0.0,0.0,0.0,977.1309771309772,0.0,470.0,0.0,380.1243422296054,0.0,1.0,0.0,411.19330737039456
14,15,473.1244571,791.3176496,616.7078541917137,0.0,3.1244570999975565,0.0,1.0,0.0,0.0,0.0,0.0,0.0,0.0,0.0,977.1309771309772,0.0,470.0,0.0,380.1243422296054,0.0,1.0,411.19330737039456
15,16,481.4872323,779.3760622,601.5703667022152,0.0,11.487232299998766,0.0,1.0,0.0,0.0,0.0,0.0,0.0,0.0,0.0,977.1309771309772,0.0,470.0,0.0,380.1243422296054,0.0,1.0,399.25171997039456
16,17,486.1668577,779.3760622,581.5947505774985,0.0,16.166857699998673,0.0,1.0,0.0,0.0,0.0,0.0,0.0,0.0,0.0,977.1309771309772,0.0,470.0,0.0,380.1243422296054,0.0,1.0,399.25171997039456
17,18,488.5970503,779.3760622,559.1670503784173,0.0,18.59705029999506,0.0,1.0,0.0,0.0,0.0,0.0,0.0,0.0,977.1309771309772,0.0,470.0,0.0,380.1243422296054,0.0,1.0,0.0,399.25171997039456
18,19,498.1615104,714.0545666,526.8084837987362,0.0,28.161510399996047,0.0,1.0,0.0,0.0,0.0,0.0,0.0,0.0,0.0,977.1309771309772,0.0,470.0,0.0,380.1243422296054,0.0,1.0,333.9302243703946
19,20,371.1083804,585.2046364,617.8935775049482,98.8916196000043,0.0,1.0,0.0,0.0,0.0,0.0,0.0,0.0,0.0,0.0,977.1309771309772,0.0,470.0,0.0,380.1243422296054,0.0,1.0,205.0802941703946
20,21,373.1786634,585.2046364,706.5625222985517,96.8213366000038,0.0,1.0,0.0,0.0,0.0,0.0,0.0,0.0,0.0,977.1309771309772,0.0,470.0,0.0,380.1243422296054,0.0,1.0,0.0,205.0802941703946
21,22,375.2489441,585.2046364,792.8273709520683,94.75105590000314,0.0,1.0,0.0,0.0,0.0,0.0,0.0,0.0,0.0,977.1309771309772,0.0,470.0,0.0,380.1243422296054,0.0,1.0,0.0,205.0802941703946
22,23,348.3426941,396.6608949,904.1591134051446,121.657305900003,0.0,1.0,0.0,0.0,0.0,0.0,0.0,0.0,0.0,977.1309771309772,0.0,470.0,0.0,380.1243422296054,0.0,1.0,0.0,16.5365526703946
23,24,350.084851,396.6608949,532.0589739214449,0.0,350.0848510000003,0.0,1.0,0.0,0.0,0.0,0.0,0.0,0.0,0.0,0.0,0.0,0.0,0.0,0.0,0.0,0.0,396.6608949
24,25,350.084851,396.6608949,161.81469162582624,0.0,350.0848510000003,0.0,1.0,0.0,0.0,0.0,0.0,0.0,0.0,0.0,0.0,0.0,0.0,0.0,0.0,0.0,0.0,396.6608949
25,26,353.569165,396.6608949,271.3408677978315,116.43083500000336,0.0,1.0,0.0,0.0,0.0,0.0,0.0,0.0,0.0,0.0,977.1309771309772,0.0,470.0,0.0,380.1243422296054,0.0,1.0,16.5365526703946
26,27,355.3113195,396.6608949,378.6698638417535,114.68868050000418,0.0,1.0,0.0,0.0,0.0,0.0,0.0,0.0,0.0,977.1309771309772,0.0,470.0,0.0,380.1243422296054,0.0,1.0,0.0,16.5365526703946
27,28,357.0534765,396.6608949,483.81263587012734,112.94652350000428,0.0,1.0,0.0,0.0,0.0,0.0,0.0,0.0,0.0,0.0,977.1309771309772,0.0,470.0,0.0,380.1243422296054,0.0,1.0,16.5365526703946
28,29,362.279945,396.6608949,583.4782532606864,107.72005500000267,0.0,1.0,0.0,0.0,0.0,0.0,0.0,0.0,0.0,977.1309771309772,0.0,470.0,0.0,380.1243422296054,0.0,1.0,0.0,16.5365526703946
29,30,364.022102,396.6608949,680.9958678961834,105.97789800000191,0.0,1.0,0.0,0.0,0.0,0.0,0.0,0.0,0.0,0.0,977.1309771309772,0.0,470.0,0.0,380.1243422296054,0.0,1.0,16.5365526703946
30,31,364.022102,396.6608949,778.0271113996066,105.9778980000026,0.0,1.0,0.0,0.0,0.0,0.0,0.0,0.0,0.0,0.0,977.1309771309772,0.0,470.0,0.0,380.1243422296054,0.0,1.0,16.5365526703946
31,32,398.210111,587.1223702,842.1768623699268,71.78988900000299,0.0,1.0,0.0,0.0,0.0,0.0,0.0,0.0,0.0,977.1309771309772,0.0,470.0,0.0,380.1243422296054,0.0,1.0,0.0,206.99802797039456
32,33,525.2319391,781.293796,779.9827097475749,0.0,55.23193909999782,0.0,1.0,0.0,0.0,0.0,0.0,0.0,0.0,977.1309771309772,0.0,470.0,0.0,380.1243422296054,0.0,1.0,0.0,401.1694537703946
33,34,518.7740505,781.293796,724.8795630742239,0.0,48.77405049999743,0.0,1.0,0.0,0.0,0.0,0.0,0.0,0.0,0.0,977.1309771309772,0.0,470.0,0.0,380.1243422296054,0.0,1.0,401.1694537703946
34,35,513.0255398,791.3176496,676.087205907736,0.0,43.0255397999982,0.0,1.0,0.0,0.0,0.0,0.0,0.0,0.0,977.1309771309772,0.0,470.0,0.0,380.1243422296054,0.0,1.0,0.0,411.19330737039456
35,36,505.2914575,791.3176496,635.6590219319085,0.0,35.29145749999782,0.0,1.0,0.0,0.0,0.0,0.0,0.0,0.0,0.0,977.1309771309772,0.0,470.0,0.0,380.1243422296054,0.0,1.0,411.19330737039456
36,37,489.3713909,791.3176496,612.1486140325225,0.0,19.371390899997465,0.0,1.0,0.0,0.0,0.0,0.0,0.0,0.0,0.0,977.1309771309772,0.0,470.0,0.0,380.1243422296054,0.0,1.0,411.19330737039456
37,38,482.3716511,791.3176496,596.1052222339974,0.0,12.371651099998871,0.0,1.0,0.0,0.0,0.0,0.0,0.0,0.0,977.1309771309772,0.0,470.0,0.0,380.1243422296054,0.0,1.0,0.0,411.19330737039456
38,39,493.9611443,791.3176496,567.972828558253,0.0,23.961144299998267,0.0,1.0,0.0,0.0,0.0,0.0,0.0,0.0,977.1309771309772,0.0,470.0,0.0,380.1243422296054,0.0,1.0,0.0,411.19330737039456
39,40,505.3895853,779.3760622,527.9808326691782,0.0,35.3895852999982,0.0,1.0,0.0,0.0,0.0,0.0,0.0,0.0,0.0,977.1309771309772,0.0,470.0,0.0,380.1243422296054,0.0,1.0,399.25171997039456
40,41,516.1118787,779.3760622,476.9298426528505,0.0,46.111878699997305,0.0,1.0,0.0,0.0,0.0,0.0,0.0,0.0,977.1309771309772,0.0,470.0,0.0,380.1243422296054,0.0,1.0,0.0,399.25171997039456
41,42,528.6186163,779.3760622,413.0013412458505,0.0,58.61861629999703,0.0,1.0,0.0,0.0,0.0,0.0,0.0,0.0,0.0,977.1309771309772,0.0,470.0,0.0,380.1243422296054,0.0,1.0,399.25171997039456
42,43,531.5059581,714.0545666,346.3599630318344,0.0,61.505958099995325,0.0,1.0,0.0,0.0,0.0,0.0,0.0,0.0,0.0,977.1309771309772,0.0,470.0,0.0,380.1243422296054,0.0,1.0,333.9302243703946
43,44,402.1626028,585.2046364,408.9171672187557,67.83739720000239,0.0,1.0,0.0,0.0,0.0,0.0,0.0,0.0,0.0,977.1309771309772,0.0,470.0,0.0,380.1243422296054,0.0,1.0,0.0,205.0802941703946
44,45,402.1626028,585.2046364,471.1623660481448,67.83739720000005,0.0,1.0,0.0,0.0,0.0,0.0,0.0,0.0,0.0,977.1309771309772,0.0,470.0,0.0,380.1243422296054,0.0,1.0,0.0,205.0802941703946
45,46,398.0220389,585.2046364,537.0208338882239,71.97796110000442,0.0,1.0,0.0,0.0,0.0,0.0,0.0,0.0,0.0,0.0,977.1309771309772,0.0,470.0,0.0,380.1243422296054,0.0,1.0,205.0802941703946
46,47,370.9907276,396.6608949,628.1664844855989,99.00927240000273,0.0,1.0,0.0,0.0,0.0,0.0,0.0,0.0,0.0,977.1309771309772,0.0,470.0,0.0,380.1243422296054,0.0,1.0,0.0,16.5365526703946
47,48,377.9593531,396.6608949,712.2538729649887,92.04064690000291,0.0,1.0,0.0,0.0,0.0,0.0,0.0,0.0,0.0,977.1309771309772,0.0,470.0,0.0,380.1243422296054,0.0,1.0,0.0,16.5365526703946
48,49,381.4436671,396.6608949,308.1839705891021,0.0,381.4436671000003,0.0,1.0,0.0,0.0,0.0,0.0,0.0,0.0,0.0,0.0,0.0,0.0,0.0,0.0,0.0,0.0,396.6608949
49,50,386.6701356,396.6608949,385.61268881084254,83.32986440000288,0.0,1.0,0.0,0.0,0.0,0.0,0.0,0.0,0.0,0.0,977.1309771309772,0.0,470.0,0.0,380.1243422296054,0.0,1.0,16.5365526703946
50,51,384.9279786,396.6608949,464.30614810392103,85.07202140000427,0.0,1.0,0.0,0.0,0.0,0.0,0.0,0.0,0.0,977.1309771309772,0.0,470.0,0.0,380.1243422296054,0.0,1.0,0.0,16.5365526703946
51,52,384.9279786,396.6608949,542.6071221313744,85.072021400003,0.0,1.0,0.0,0.0,0.0,0.0,0.0,0.0,0.0,977.1309771309772,0.0,470.0,0.0,380.1243422296054,0.0,1.0,0.0,16.5365526703946
52,53,381.4436671,396.6608949,623.8194028816607,88.55633290000003,0.0,1.0,0.0,0.0,0.0,0.0,0.0,0.0,0.0,977.1309771309772,0.0,470.0,0.0,380.1243422296054,0.0,1.0,0.0,16.5365526703946
53,54,381.4436671,396.6608949,704.626635691898,88.55633290000277,0.0,1.0,0.0,0.0,0.0,0.0,0.0,0.0,0.0,0.0,977.1309771309772,0.0,470.0,0.0,380.1243422296054,0.0,1.0,16.5365526703946
54,55,383.1858216,396.6608949,783.3799247016303,86.81417840000006,0.0,1.0,0.0,0.0,0.0,0.0,0.0,0.0,0.0,977.1309771309772,0.0,470.0,0.0,380.1243422296054,0.0,1.0,0.0,16.5365526703946
55,56,421.0031304,587.1223702,825.9036532856007,48.99686960000295,0.0,1.0,0.0,0.0,0.0,0.0,0.0,0.0,0.0,977.1309771309772,0.0,470.0,0.0,380.1243422296054,0.0,1.0,0.0,206.99802797039456
56,57,549.5079332,781.293796,738.3007634864605,0.0,79.50793319999684,0.0,1.0,0.0,0.0,0.0,0.0,0.0,0.0,977.1309771309772,0.0,470.0,0.0,380.1243422296054,0.0,1.0,0.0,401.1694537703946
57,58,524.1485906,781.293796,677.7622157392672,0.0,54.148590599998045,0.0,1.0,0.0,0.0,0.0,0.0,0.0,0.0,977.1309771309772,0.0,470.0,0.0,380.1243422296054,0.0,1.0,0.0,401.1694537703946
58,59,508.9603391,791.3176496,633.4733358655604,0.0,38.96033909999829,0.0,1.0,0.0,0.0,0.0,0.0,0.0,0.0,0.0,977.1309771309772,0.0,470.0,0.0,380.1243422296054,0.0,1.0,411.19330737039456
59,60,495.7810111,791.3176496,603.2436998336443,0.0,25.78101109999784,0.0,1.0,0.0,0.0,0.0,0.0,0.0,0.0,0.0,977.1309771309772,0.0,470.0,0.0,380.1243422296054,0.0,1.0,411.19330737039456
60,61,476.4819936,791.3176496,593.4288876545482,0.0,6.48199359999785,0.0,1.0,0.0,0.0,0.0,0.0,0.0,0.0,977.1309771309772,0.0,470.0,0.0,380.1243422296054,0.0,1.0,0.0,411.19330737039456
61,62,482.171696,791.3176496,577.688814611743,0.0,12.171695999997496,0.0,1.0,0.0,0.0,0.0,0.0,0.0,0.0,0.0,977.1309771309772,0.0,470.0,0.0,380.1243422296054,0.0,1.0,411.19330737039456
62,63,495.1631036,791.3176496,548.386210622043,0.0,25.16310359999781,0.0,1.0,0.0,0.0,0.0,0.0,0.0,0.0,0.0,977.1309771309772,0.0,470.0,0.0,380.1243422296054,0.0,1.0,411.19330737039456
63,64,515.3563626,779.3760622,498.0267435731229,0.0,45.356362599997624,0.0,1.0,0.0,0.0,0.0,0.0,0.0,0.0,0.0,977.1309771309772,0.0,470.0,0.0,380.1243422296054,0.0,1.0,399.25171997039456
64,65,518.6132248,779.3760622,444.4987258373095,0.0,48.61322479999737,0.0,1.0,0.0,0.0,0.0,0.0,0.0,0.0,977.1309771309772,0.0,470.0,0.0,380.1243422296054,0.0,1.0,0.0,399.25171997039456
65,66,518.6132248,779.3760622,391.2376802037277,0.0,48.613224799997596,0.0,1.0,0.0,0.0,0.0,0.0,0.0,0.0,0.0,977.1309771309772,0.0,470.0,0.0,380.1243422296054,0.0,1.0,399.25171997039456
66,67,526.7424659,714.0545666,329.7065363784179,0.0,56.74246589999984,0.0,1.0,0.0,0.0,0.0,0.0,0.0,0.0,977.1309771309772,0.0,470.0,0.0,380.1243422296054,0.0,1.0,0.0,333.9302243703946
67,68,391.8111945,585.2046364,402.15609409072937,78.18880550000006,0.0,1.0,0.0,0.0,0.0,0.0,0.0,0.0,0.0,977.1309771309772,0.0,470.0,0.0,380.1243422296054,0.0,1.0,0.0,205.0802941703946
68,69,389.7409138,585.2046364,476.2061660594387,80.25908620000405,0.0,1.0,0.0,0.0,0.0,0.0,0.0,0.0,0.0,977.1309771309772,0.0,470.0,0.0,380.1243422296054,0.0,1.0,0.0,205.0802941703946
69,70,389.7409138,585.2046364,549.8869117534201,80.25908620000334,0.0,1.0,0.0,0.0,0.0,0.0,0.0,0.0,0.0,0.0,977.1309771309772,0.0,470.0,0.0,380.1243422296054,0.0,1.0,205.0802941703946
70,71,357.0534765,396.6608949,654.1757351927658,112.946523500003,0.0,1.0,0.0,0.0,0.0,0.0,0.0,0.0,0.0,977.1309771309772,0.0,470.0,0.0,380.1243422296054,0.0,1.0,0.0,16.5365526703946
71,72,357.0534765,396.6608949,276.0053057084045,0.0,357.0534765,0.0,1.0,0.0,0.0,0.0,0.0,0.0,0.0,0.0,0.0,0.0,0.0,0.0,0.0,0.0,0.0,396.6608949
72,73,360.5377905,396.6608949,378.3582825275375,109.46220950000267,0.0,1.0,0.0,0.0,0.0,0.0,0.0,0.0,0.0,977.1309771309772,0.0,470.0,0.0,380.1243422296054,0.0,1.0,0.0,16.5365526703946
73,74,357.0534765,396.6608949,483.5026085741977,112.946523500003,0.0,1.0,0.0,0.0,0.0,0.0,0.0,0.0,0.0,977.1309771309772,0.0,470.0,0.0,380.1243422296054,0.0,1.0,0.0,16.5365526703946
74,75,364.022102,396.6608949,581.5188538177965,105.97789800000504,0.0,1.0,0.0,0.0,0.0,0.0,0.0,0.0,0.0,0.0,977.1309771309772,0.0,470.0,0.0,380.1243422296054,0.0,1.0,16.5365526703946
75,76,353.569165,396.6608949,207.36934437907206,0.0,353.5691650000001,0.0,1.0,0.0,0.0,0.0,0.0,0.0,0.0,0.0,0.0,0.0,0.0,0.0,0.0,0.0,0.0,396.6608949
76,77,358.7956335,396.6608949,311.7155628980147,111.2043665000001,0.0,1.0,0.0,0.0,0.0,0.0,0.0,0.0,0.0,0.0,977.1309771309772,0.0,470.0,0.0,380.1243422296054,0.0,1.0,16.5365526703946
77,78,365.764259,396.6608949,408.9376811917993,104.23574100000485,0.0,1.0,0.0,0.0,0.0,0.0,0.0,0.0,0.0,977.1309771309772,0.0,470.0,0.0,380.1243422296054,0.0,1.0,0.0,16.5365526703946
78,79,381.4436671,396.6608949,490.81664106007787,88.55633290000392,0.0,1.0,0.0,0.0,0.0,0.0,0.0,0.0,0.0,977.1309771309772,0.0,470.0,0.0,380.1243422296054,0.0,1.0,0.0,16.5365526703946
79,80,410.6426673,587.1223702,544.6174099127594,59.357332700002104,0.0,1.0,0.0,0.0,0.0,0.0,0.0,0.0,0.0,0.0,977.1309771309772,0.0,470.0,0.0,380.1243422296054,0.0,1.0,206.99802797039456
80,81,541.2815198,781.293796,467.0552112109591,0.0,71.28151979999583,0.0,1.0,0.0,0.0,0.0,0.0,0.0,0.0,977.1309771309772,0.0,470.0,0.0,380.1243422296054,0.0,1.0,0.0,401.1694537703946
81,82,510.2371802,781.293796,422.47654815839815,0.0,40.23718019999728,0.0,1.0,0.0,0.0,0.0,0.0,0.0,0.0,0.0,977.1309771309772,0.0,470.0,0.0,380.1243422296054,0.0,1.0,401.1694537703946
82,83,470.167779,791.3176496,420.1932688989012,0.0,0.16777899999937063,0.0,1.0,0.0,0.0,0.0,0.0,0.0,0.0,977.1309771309772,0.0,470.0,0.0,380.1243422296054,0.0,1.0,0.0,411.19330737039456
83,84,453.1732935,791.3176496,434.04302049677807,16.82670650000336,0.0,1.0,0.0,0.0,0.0,0.0,0.0,0.0,0.0,977.1309771309772,0.0,470.0,0.0,380.1243422296054,0.0,1.0,0.0,411.19330737039456
84,85,456.6195372,791.3176496,444.5579358598249,13.380462800002995,0.0,1.0,0.0,0.0,0.0,0.0,0.0,0.0,0.0,977.1309771309772,0.0,470.0,0.0,380.1243422296054,0.0,1.0,0.0,411.19330737039456
85,86,462.0876488,791.3176496,449.83866699118215,7.912351200003517,0.0,1.0,0.0,0.0,0.0,0.0,0.0,0.0,0.0,0.0,977.1309771309772,0.0,470.0,0.0,380.1243422296054,0.0,1.0,411.19330737039456
86,87,460.9349327,791.3176496,456.18540751754267,9.065067300003083,0.0,1.0,0.0,0.0,0.0,0.0,0.0,0.0,0.0,0.0,977.1309771309772,0.0,470.0,0.0,380.1243422296054,0.0,1.0,411.19330737039456
87,88,488.5970503,779.3760622,434.3831890264035,0.0,18.59705029999651,0.0,1.0,0.0,0.0,0.0,0.0,0.0,0.0,0.0,977.1309771309772,0.0,470.0,0.0,380.1243422296054,0.0,1.0,399.25171997039456
88,89,503.6051387,779.3760622,396.93115099088516,0.0,33.60513869999582,0.0,1.0,0.0,0.0,0.0,0.0,0.0,0.0,977.1309771309772,0.0,470.0,0.0,380.1243422296054,0.0,1.0,0.0,399.25171997039456
89,90,516.1118787,779.3760622,346.53377398872016,0.0,46.11187869999739,0.0,1.0,0.0,0.0,0.0,0.0,0.0,0.0,0.0,977.1309771309772,0.0,470.0,0.0,380.1243422296054,0.0,1.0,399.25171997039456
90,91,536.2694503,714.0545666,275.2222164729906,0.0,66.26945029999538,0.0,1.0,0.0,0.0,0.0,0.0,0.0,0.0,977.1309771309772,0.0,470.0,0.0,380.1243422296054,0.0,1.0,0.0,333.9302243703946
91,92,404.2328834,585.2046364,336.1723638128591,65.76711660000407,0.0,1.0,0.0,0.0,0.0,0.0,0.0,0.0,0.0,0.0,977.1309771309772,0.0,470.0,0.0,380.1243422296054,0.0,1.0,205.0802941703946
92,93,418.7248531,585.2046364,383.08551094528354,51.275146900002454,0.0,1.0,0.0,0.0,0.0,0.0,0.0,0.0,0.0,977.1309771309772,0.0,470.0,0.0,380.1243422296054,0.0,1.0,0.0,205.0802941703946
93,94,414.5842893,585.2046364,433.68839592048806,55.415710700002165,0.0,1.0,0.0,0.0,0.0,0.0,0.0,0.0,0.0,0.0,977.1309771309772,0.0,470.0,0.0,380.1243422296054,0.0,1.0,205.0802941703946
94,95,372.7328846,396.6608949,523.6985007877465,97.26711540000295,0.0,1.0,0.0,0.0,0.0,0.0,0.0,0.0,0.0,977.1309771309772,0.0,470.0,0.0,380.1243422296054,0.0,1.0,0.0,16.5365526703946
95,96,367.506416,396.6608949,618.2124313534556,102.49358400000227,0.0,1.0,0.0,0.0,0.0,0.0,0.0,0.0,0.0,0.0,977.1309771309772,0.0,470.0,0.0,380.1243422296054,0.0,1.0,16.5365526703946
96,97,372.7328846,396.6608949,707.3022187545427,97.26711540000373,0.0,1.0,0.0,0.0,0.0,0.0,0.0,0.0,0.0,0.0,977.1309771309772,0.0,470.0,0.0,380.1243422296054,0.0,1.0,16.5365526703946
97,98,365.764259,396.6608949,802.5513403711427,104.23574100000201,0.0,1.0,0.0,0.0,0.0,0.0,0.0,0.0,0.0,0.0,977.1309771309772,0.0,470.0,0.0,380.1243422296054,0.0,1.0,16.5365526703946
98,99,377.9593531,396.6608949,885.7689807533221,92.0406469000026,0.0,1.0,0.0,0.0,0.0,0.0,0.0,0.0,0.0,977.1309771309772,0.0,470.0,0.0,380.1243422296054,0.0,1.0,0.0,16.5365526703946
99,100,360.5377905,396.6608949,985.0807485556224,109.46220950000298,0.0,1.0,0.0,0.0,0.0,0.0,0.0,0.0,0.0,977.1309771309772,0.0,470.0,0.0,380.1243422296054,0.0,1.0,0.0,16.5365526703946
100,101,362.279945,396.6608949,599.7721086123859,0.0,362.279945,0.0,1.0,0.0,0.0,0.0,0.0,0.0,0.0,0.0,0.0,0.0,0.0,0.0,0.0,0.0,0.0,396.6608949
101,102,346.6005395,396.6608949,713.7176343435847,123.39946050000191,0.0,1.0,0.0,0.0,0.0,0.0,0.0,0.0,0.0,977.1309771309772,0.0,470.0,0.0,380.1243422296054,0.0,1.0,0.0,16.5365526703946
102,103,353.569165,396.6608949,820.4911831051659,116.4308350000039,0.0,1.0,0.0,0.0,0.0,0.0,0.0,0.0,0.0,977.1309771309772,0.0,470.0,0.0,380.1243422296054,0.0,1.0,0.0,16.5365526703946
103,104,352.4361953,396.6608949,927.8058314616601,117.56380470000227,0.0,1.0,0.0,0.0,0.0,0.0,0.0,0.0,0.0,977.1309771309772,0.0,470.0,0.0,380.1243422296054,0.0,1.0,0.0,16.5365526703946
104,105,348.135434,396.6608949,557.6346498690265,0.0,348.13543400000026,0.0,1.0,0.0,0.0,0.0,0.0,0.0,0.0,0.0,0.0,0.0,0.0,0.0,0.0,0.0,0.0,396.6608949
105,106,312.5361524,396.6608949,226.68910636907935,0.0,312.5361524,0.0,1.0,0.0,0.0,0.0,0.0,0.0,0.0,0.0,0.0,0.0,0.0,0.0,0.0,0.0,0.0,396.6608949
106,107,300.9302561,396.6608949,385.7738741962063,169.06974390000204,0.0,1.0,0.0,0.0,0.0,0.0,0.0,0.0,0.0,0.0,977.1309771309772,0.0,470.0,0.0,380.1243422296054,0.0,1.0,16.5365526703946
107,108,267.7250826,396.6608949,575.5313872446184,202.274917400002,0.0,1.0,0.0,0.0,0.0,0.0,0.0,0.0,0.0,0.0,977.1309771309772,0.0,470.0,0.0,380.1243422296054,0.0,1.0,16.5365526703946
108,109,253.5148143,396.6608949,777.8085424248802,216.48518570000007,0.0,1.0,0.0,0.0,0.0,0.0,0.0,0.0,0.0,977.1309771309772,0.0,470.0,0.0,380.1243422296054,0.0,1.0,0.0,16.5365526703946
109,110,249.9992176,396.6608949,511.42893253687043,0.0,249.9992176000003,0.0,1.0,0.0,0.0,0.0,0.0,0.0,0.0,0.0,0.0,0.0,0.0,0.0,0.0,0.0,0.0,396.6608949
110,111,287.3005279,396.6608949,207.21135728288291,0.0,287.30052790000013,0.0,1.0,0.0,0.0,0.0,0.0,0.0,0.0,0.0,0.0,0.0,0.0,0.0,0.0,0.0,0.0,396.6608949
111,112,308.5140356,396.6608949,359.2066617585298,161.48596440000316,0.0,1.0,0.0,0.0,0.0,0.0,0.0,0.0,0.0,977.1309771309772,0.0,470.0,0.0,380.1243422296054,0.0,1.0,0.0,16.5365526703946
112,113,328.5745047,396.6608949,491.4340051527372,141.4254953000035,0.0,1.0,0.0,0.0,0.0,0.0,0.0,0.0,0.0,977.1309771309772,0.0,470.0,0.0,380.1243422296054,0.0,1.0,0.0,16.5365526703946
113,114,332.0588187,396.6608949,619.7000250913658,137.94118130000257,0.0,1.0,0.0,0.0,0.0,0.0,0.0,0.0,0.0,0.0,977.1309771309772,0.0,470.0,0.0,380.1243422296054,0.0,1.0,16.5365526703946
114,115,339.4851783,396.6608949,740.2888822114296,130.51482170000202,0.0,1.0,0.0,0.0,0.0,0.0,0.0,0.0,0.0,977.1309771309772,0.0,470.0,0.0,380.1243422296054,0.0,1.0,0.0,16.5365526703946
115,116,350.6940407,396.6608949,849.6544573526695,119.30595930000365,0.0,1.0,0.0,0.0,0.0,0.0,0.0,0.0,0.0,977.1309771309772,0.0,470.0,0.0,380.1243422296054,0.0,1.0,0.0,16.5365526703946
116,117,354.1783523,396.6608949,473.52796667859445,0.0,354.17835230000014,0.0,1.0,0.0,0.0,0.0,0.0,0.0,0.0,0.0,0.0,0.0,0.0,0.0,0.0,0.0,0.0,396.6608949
117,118,382.0528543,396.6608949,554.5074977253028,87.9471457000044,0.0,1.0,0.0,0.0,0.0,0.0,0.0,0.0,0.0,0.0,977.1309771309772,0.0,470.0,0.0,380.1243422296054,0.0,1.0,16.5365526703946
118,119,400.6073867,396.6608949,617.5003295570885,69.39261330000366,0.0,1.0,0.0,0.0,0.0,0.0,0.0,0.0,0.0,0.0,977.1309771309772,0.0,470.0,0.0,380.1243422296054,0.0,1.0,16.5365526703946
119,120,414.5446376,396.6608949,666.9716408458922,55.455362400000126,0.0,1.0,0.0,0.0,0.0,0.0,0.0,0.0,0.0,977.1309771309772,0.0,470.0,0.0,380.1243422296054,0.0,1.0,0.0,16.5365526703946
120,121,404.0916982,396.6608949,726.1017209637527,65.90830180000012,0.0,1.0,0.0,0.0,0.0,0.0,0.0,0.0,0.0,977.1309771309772,0.0,470.0,0.0,380.1243422296054,0.0,1.0,0.0,16.5365526703946
121,122,423.2554178,396.6608949,766.7767930290747,46.74458220000244,0.0,1.0,0.0,0.0,0.0,0.0,0.0,0.0,0.0,977.1309771309772,0.0,470.0,0.0,380.1243422296054,0.0,1.0,0.0,16.5365526703946
122,123,444.1612943,396.6608949,787.4379834587264,25.838705700000105,0.0,1.0,0.0,0.0,0.0,0.0,0.0,0.0,0.0,977.1309771309772,0.0,470.0,0.0,380.1243422296054,0.0,1.0,0.0,16.5365526703946
123,124,426.7397318,396.6608949,335.4320324135079,0.0,426.7397318000003,0.0,1.0,0.0,0.0,0.0,0.0,0.0,0.0,0.0,0.0,0.0,0.0,0.0,0.0,0.0,0.0,396.6608949
124,125,412.8024807,396.6608949,387.9610835231914,57.197519300002995,0.0,1.0,0.0,0.0,0.0,0.0,0.0,0.0,0.0,977.1309771309772,0.0,470.0,0.0,380.1243422296054,0.0,1.0,0.0,16.5365526703946
125,126,430.2240433,396.6608949,423.7189677644113,39.775956700000165,0.0,1.0,0.0,0.0,0.0,0.0,0.0,0.0,0.0,0.0,977.1309771309772,0.0,470.0,0.0,380.1243422296054,0.0,1.0,16.5365526703946
126,127,451.1299199,396.6608949,439.48749485178996,18.870080100003698,0.0,1.0,0.0,0.0,0.0,0.0,0.0,0.0,0.0,0.0,977.1309771309772,0.0,470.0,0.0,380.1243422296054,0.0,1.0,16.5365526703946
127,128,446.512641,396.6608949,459.5528432537377,23.487359000003558,0.0,1.0,0.0,0.0,0.0,0.0,0.0,0.0,0.0,0.0,977.1309771309772,0.0,470.0,0.0,380.1243422296054,0.0,1.0,16.5365526703946
128,129,436.8855768,396.6608949,488.6410000850913,33.11442320000222,0.0,1.0,0.0,0.0,0.0,0.0,0.0,0.0,0.0,977.1309771309772,0.0,470.0,0.0,380.1243422296054,0.0,1.0,0.0,16.5365526703946
129,130,401.3612252,396.6608949,551.247983255581,68.63877480000208,0.0,1.0,0.0,0.0,0.0,0.0,0.0,0.0,0.0,977.1309771309772,0.0,470.0,0.0,380.1243422296054,0.0,1.0,0.0,16.5365526703946
130,131,326.6620243,396.6608949,684.3298383627881,143.3379757000024,0.0,1.0,0.0,0.0,0.0,0.0,0.0,0.0,0.0,0.0,977.1309771309772,0.0,470.0,0.0,380.1243422296054,0.0,1.0,16.5365526703946
131,132,340.0834718,396.6608949,804.0293927011643,129.9165282000041,0.0,1.0,0.0,0.0,0.0,0.0,0.0,0.0,0.0,977.1309771309772,0.0,470.0,0.0,380.1243422296054,0.0,1.0,0.0,16.5365526703946
132,133,311.7575129,396.6608949,472.6725251803489,0.0,311.75751290000017,0.0,1.0,0.0,0.0,0.0,0.0,0.0,0.0,0.0,0.0,0.0,0.0,0.0,0.0,0.0,0.0,396.6608949
133,134,311.4263396,396.6608949,620.584052966098,158.57366040000346,0.0,1.0,0.0,0.0,0.0,0.0,0.0,0.0,0.0,0.0,977.1309771309772,0.0,470.0,0.0,380.1243422296054,0.0,1.0,16.5365526703946
134,135,323.8435229,396.6608949,755.9909865147376,146.15647710000252,0.0,1.0,0.0,0.0,0.0,0.0,0.0,0.0,0.0,977.1309771309772,0.0,470.0,0.0,380.1243422296054,0.0,1.0,0.0,16.5365526703946
135,136,356.797806,396.6608949,859.4941423610665,113.20219400000343,0.0,1.0,0.0,0.0,0.0,0.0,0.0,0.0,0.0,977.1309771309772,0.0,470.0,0.0,380.1243422296054,0.0,1.0,0.0,16.5365526703946
136,137,359.9333208,396.6608949,959.5097694557242,110.06667920000294,0.0,1.0,0.0,0.0,0.0,0.0,0.0,0.0,0.0,0.0,977.1309771309772,0.0,470.0,0.0,380.1243422296054,0.0,1.0,16.5365526703946
137,138,361.6754753,396.6608949,574.963361135684,0.0,361.6754753,0.0,1.0,0.0,0.0,0.0,0.0,0.0,0.0,0.0,0.0,0.0,0.0,0.0,0.0,0.0,0.0,396.6608949
138,139,355.1645864,396.6608949,680.9170822104948,114.83541360000328,0.0,1.0,0.0,0.0,0.0,0.0,0.0,0.0,0.0,0.0,977.1309771309772,0.0,470.0,0.0,380.1243422296054,0.0,1.0,16.5365526703946
139,140,366.3734463,396.6608949,775.7205167210956,103.62655370000303,0.0,1.0,0.0,0.0,0.0,0.0,0.0,0.0,0.0,977.1309771309772,0.0,470.0,0.0,380.1243422296054,0.0,1.0,0.0,16.5365526703946
140,141,364.6312917,396.6608949,388.9871409553127,0.0,364.6312917,0.0,1.0,0.0,0.0,0.0,0.0,0.0,0.0,0.0,0.0,0.0,0.0,0.0,0.0,0.0,0.0,396.6608949
141,142,352.4361953,396.6608949,498.45392470047227,117.56380470000383,0.0,1.0,0.0,0.0,0.0,0.0,0.0,0.0,0.0,977.1309771309772,0.0,470.0,0.0,380.1243422296054,0.0,1.0,0.0,16.5365526703946
142,143,357.0534765,396.6608949,602.9992712329273,112.94652350000335,0.0,1.0,0.0,0.0,0.0,0.0,0.0,0.0,0.0,0.0,977.1309771309772,0.0,470.0,0.0,380.1243422296054,0.0,1.0,16.5365526703946
143,144,350.084851,396.6608949,713.6268669633776,119.9151490000034,0.0,1.0,0.0,0.0,0.0,0.0,0.0,0.0,0.0,0.0,977.1309771309772,0.0,470.0,0.0,380.1243422296054,0.0,1.0,16.5365526703946
144,145,339.6319139,396.6608949,833.6082111021844,130.36808610000008,0.0,1.0,0.0,0.0,0.0,0.0,0.0,0.0,0.0,0.0,977.1309771309772,0.0,470.0,0.0,380.1243422296054,0.0,1.0,16.5365526703946
145,146,339.6319139,396.6608949,472.8355754556611,0.0,339.6319139,0.0,1.0,0.0,0.0,0.0,0.0,0.0,0.0,0.0,0.0,0.0,0.0,0.0,0.0,0.0,0.0,396.6608949
146,147,336.1475999,396.6608949,597.3197080001868,133.8524001000001,0.0,1.0,0.0,0.0,0.0,0.0,0.0,0.0,0.0,0.0,977.1309771309772,0.0,470.0,0.0,380.1243422296054,0.0,1.0,16.5365526703946
147,148,308.2730979,396.6608949,270.6524603463296,0.0,308.27309790000027,0.0,1.0,0.0,0.0,0.0,0.0,0.0,0.0,0.0,0.0,0.0,0.0,0.0,0.0,0.0,0.0,396.6608949
148,149,315.2417234,396.6608949,415.9559992517574,154.75827660000334,0.0,1.0,0.0,0.0,0.0,0.0,0.0,0.0,0.0,0.0,977.1309771309772,0.0,470.0,0.0,380.1243422296054,0.0,1.0,16.5365526703946
149,150,316.9838804,396.6608949,558.8839153189651,153.01611960000264,0.0,1.0,0.0,0.0,0.0,0.0,0.0,0.0,0.0,0.0,977.1309771309772,0.0,470.0,0.0,380.1243422296054,0.0,1.0,16.5365526703946
150,151,310.0152548,396.6608949,230.57909460435383,0.0,310.0152548000003,0.0,1.0,0.0,0.0,0.0,0.0,0.0,0.0,0.0,0.0,0.0,0.0,0.0,0.0,0.0,0.0,396.6608949
151,152,323.6147762,587.1223702,368.1479529936897,146.3852238000001,0.0,1.0,0.0,0.0,0.0,0.0,0.0,0.0,0.0,0.0,977.1309771309772,0.0,470.0,0.0,380.1243422296054,0.0,1.0,206.99802797039456
152,153,421.0917485,781.293796,412.65868259905983,48.90825150000006,0.0,1.0,0.0,0.0,0.0,0.0,0.0,0.0,0.0,0.0,977.1309771309772,0.0,470.0,0.0,380.1243422296054,0.0,1.0,401.1694537703946
153,154,388.4932398,781.293796,487.8387046958418,81.50676020000003,0.0,1.0,0.0,0.0,0.0,0.0,0.0,0.0,0.0,977.1309771309772,0.0,470.0,0.0,380.1243422296054,0.0,1.0,0.0,401.1694537703946
154,155,366.8639963,791.3176496,583.1402622486542,103.1360037000027,0.0,1.0,0.0,0.0,0.0,0.0,0.0,0.0,0.0,0.0,977.1309771309772,0.0,470.0,0.0,380.1243422296054,0.0,1.0,411.19330737039456
155,156,363.3020447,791.3176496,198.76309968188139,0.0,363.3020447000001,0.0,1.0,0.0,0.0,0.0,0.0,0.0,0.0,0.0,0.0,0.0,0.0,0.0,0.0,0.0,0.0,791.3176496
156,157,371.3088048,791.3176496,291.2943986027132,98.69119520000254,0.0,1.0,0.0,0.0,0.0,0.0,0.0,0.0,0.0,977.1309771309772,0.0,470.0,0.0,380.1243422296054,0.0,1.0,0.0,411.19330737039456
157,158,362.1603162,791.3176496,392.0335684219707,107.83968380000249,0.0,1.0,0.0,0.0,0.0,0.0,0.0,0.0,0.0,0.0,977.1309771309772,0.0,470.0,0.0,380.1243422296054,0.0,1.0,411.19330737039456
158,159,368.678828,791.3176496,486.09316902094577,101.32117200000218,0.0,1.0,0.0,0.0,0.0,0.0,0.0,0.0,0.0,977.1309771309772,0.0,470.0,0.0,380.1243422296054,0.0,1.0,0.0,411.19330737039456
159,160,378.2613376,779.3760622,570.6029818617046,91.73866240000243,0.0,1.0,0.0,0.0,0.0,0.0,0.0,0.0,0.0,0.0,977.1309771309772,0.0,470.0,0.0,380.1243422296054,0.0,1.0,399.25171997039456
160,161,379.3416029,779.3760622,653.6676095768748,90.65839710000247,0.0,1.0,0.0,0.0,0.0,0.0,0.0,0.0,0.0,977.1309771309772,0.0,470.0,0.0,380.1243422296054,0.0,1.0,0.0,399.25171997039456
161,162,374.7201866,779.3760622,740.6973386245136,95.27981340000244,0.0,1.0,0.0,0.0,0.0,0.0,0.0,0.0,0.0,0.0,977.1309771309772,0.0,470.0,0.0,380.1243422296054,0.0,1.0,399.25171997039456
162,163,385.7629064,714.0545666,816.8286040810154,84.23709360000284,0.0,1.0,0.0,0.0,0.0,0.0,0.0,0.0,0.0,977.1309771309772,0.0,470.0,0.0,380.1243422296054,0.0,1.0,0.0,333.9302243703946
163,164,269.3108426,585.2046364,529.9770899792528,0.0,269.3108426000001,0.0,1.0,0.0,0.0,0.0,0.0,0.0,0.0,0.0,0.0,0.0,0.0,0.0,0.0,0.0,0.0,585.2046364
164,165,273.1409495,585.2046364,713.8831542063172,196.85905050000272,0.0,1.0,0.0,0.0,0.0,0.0,0.0,0.0,0.0,0.0,977.1309771309772,0.0,470.0,0.0,380.1243422296054,0.0,1.0,205.0802941703946
165,166,278.8861098,585.2046364,891.4277028693084,191.11389020000297,0.0,1.0,0.0,0.0,0.0,0.0,0.0,0.0,0.0,977.1309771309772,0.0,470.0,0.0,380.1243422296054,0.0,1.0,0.0,205.0802941703946
166,167,270.9037174,396.6608949,602.5315986925634,0.0,270.9037174,0.0,1.0,0.0,0.0,0.0,0.0,0.0,0.0,0.0,0.0,0.0,0.0,0.0,0.0,0.0,0.0,396.6608949
167,168,269.3167901,396.6608949,316.7426504630687,0.0,269.31679010000016,0.0,1.0,0.0,0.0,0.0,0.0,0.0,0.0,0.0,0.0,0.0,0.0,0.0,0.0,0.0,0.0,396.6608949
